correctionTimer ; 147.494 ; 3.07279 ; setSolutionTimer ; 14.5234 ; 0.30257 ; cycleWatch ; 6516.81 ; 814.602 ; setupWatch ; 39.2982 ; 39.2982 ; restrictionTimer ; 249.534 ; 5.19863 ; preSmoothTimer ; 2655.2 ; 55.3168 ; upResidualTimer ; 455.862 ; 9.49713 ; postSmoothTimer ; 2623.53 ; 54.6569 ; commTimer ; 2785.22 ; 3.3396 ; timeToSolveWatch ; 6605.18 ; 6605.18 ;
correctionTimer ; 152.149 ; 3.16977 ; setSolutionTimer ; 13.2427 ; 0.27589 ; cycleWatch ; 6531.63 ; 816.454 ; setupWatch ; 39.8708 ; 39.8708 ; restrictionTimer ; 242.288 ; 5.04768 ; preSmoothTimer ; 2672.77 ; 55.6828 ; upResidualTimer ; 451.252 ; 9.40109 ; postSmoothTimer ; 2632.54 ; 54.8446 ; commTimer ; 2777.17 ; 3.32994 ; timeToSolveWatch ; 6604.68 ; 6604.68 ;
correctionTimer ; 152.198 ; 3.17079 ; setSolutionTimer ; 13.9928 ; 0.291516 ; cycleWatch ; 6532.22 ; 816.527 ; setupWatch ; 40.336 ; 40.336 ; restrictionTimer ; 244.345 ; 5.09052 ; preSmoothTimer ; 2666.67 ; 55.5555 ; upResidualTimer ; 454.493 ; 9.4686 ; postSmoothTimer ; 2633.44 ; 54.8633 ; commTimer ; 2778.97 ; 3.3321 ; timeToSolveWatch ; 6604.68 ; 6604.68 ;
correctionTimer ; 152.414 ; 3.1753 ; setSolutionTimer ; 12.1756 ; 0.253658 ; cycleWatch ; 6529.84 ; 816.231 ; setupWatch ; 39.0969 ; 39.0969 ; restrictionTimer ; 244.342 ; 5.09045 ; preSmoothTimer ; 2669.73 ; 55.6193 ; upResidualTimer ; 453.157 ; 9.44076 ; postSmoothTimer ; 2633.82 ; 54.8712 ; commTimer ; 2780.28 ; 3.33367 ; timeToSolveWatch ; 6604.68 ; 6604.68 ;
correctionTimer ; 153.603 ; 3.20007 ; setSolutionTimer ; 12.3853 ; 0.258026 ; cycleWatch ; 6528.54 ; 816.067 ; setupWatch ; 39.7842 ; 39.7842 ; restrictionTimer ; 241.455 ; 5.03031 ; preSmoothTimer ; 2674.02 ; 55.7088 ; upResidualTimer ; 451.619 ; 9.40874 ; postSmoothTimer ; 2631.59 ; 54.8248 ; commTimer ; 2773.45 ; 3.32548 ; timeToSolveWatch ; 6604.68 ; 6604.68 ;
correctionTimer ; 153.585 ; 3.19969 ; setSolutionTimer ; 14.0537 ; 0.292786 ; cycleWatch ; 6531.73 ; 816.466 ; setupWatch ; 38.5606 ; 38.5606 ; restrictionTimer ; 244.537 ; 5.09451 ; preSmoothTimer ; 2666.18 ; 55.5453 ; upResidualTimer ; 454.93 ; 9.47771 ; postSmoothTimer ; 2632.36 ; 54.8409 ; commTimer ; 2782.27 ; 3.33606 ; timeToSolveWatch ; 6604.68 ; 6604.68 ;
correctionTimer ; 151.619 ; 3.15872 ; setSolutionTimer ; 13.5848 ; 0.283017 ; cycleWatch ; 6532.13 ; 816.516 ; setupWatch ; 39.5061 ; 39.5061 ; restrictionTimer ; 247.837 ; 5.16326 ; preSmoothTimer ; 2668 ; 55.5833 ; upResidualTimer ; 450.396 ; 9.38326 ; postSmoothTimer ; 2636.67 ; 54.9306 ; commTimer ; 2780.45 ; 3.33387 ; timeToSolveWatch ; 6604.68 ; 6604.68 ;
correctionTimer ; 149.498 ; 3.11454 ; setSolutionTimer ; 13.4602 ; 0.280421 ; cycleWatch ; 6527.68 ; 815.961 ; setupWatch ; 37.9851 ; 37.9851 ; restrictionTimer ; 242.973 ; 5.06194 ; preSmoothTimer ; 2672.43 ; 55.6757 ; upResidualTimer ; 450.756 ; 9.39076 ; postSmoothTimer ; 2632.45 ; 54.8427 ; commTimer ; 2767.83 ; 3.31874 ; timeToSolveWatch ; 6604.68 ; 6604.68 ;
correctionTimer ; 148.614 ; 3.09613 ; setSolutionTimer ; 13.2585 ; 0.276218 ; cycleWatch ; 6528.67 ; 816.083 ; setupWatch ; 40.0554 ; 40.0554 ; restrictionTimer ; 249.863 ; 5.20549 ; preSmoothTimer ; 2662.18 ; 55.4622 ; upResidualTimer ; 454.317 ; 9.46493 ; postSmoothTimer ; 2629.87 ; 54.7889 ; commTimer ; 2782.07 ; 3.33582 ; timeToSolveWatch ; 6604.68 ; 6604.68 ;
correctionTimer ; 154.252 ; 3.21359 ; setSolutionTimer ; 12.9793 ; 0.270401 ; cycleWatch ; 6537.41 ; 817.176 ; setupWatch ; 38.8112 ; 38.8112 ; restrictionTimer ; 244.176 ; 5.08699 ; preSmoothTimer ; 2671.83 ; 55.6631 ; upResidualTimer ; 450.836 ; 9.39242 ; postSmoothTimer ; 2637.21 ; 54.9419 ; commTimer ; 2779.98 ; 3.33331 ; timeToSolveWatch ; 6604.68 ; 6604.68 ;
correctionTimer ; 153.757 ; 3.20328 ; setSolutionTimer ; 13.9201 ; 0.290002 ; cycleWatch ; 6537.57 ; 817.196 ; setupWatch ; 37.6452 ; 37.6452 ; restrictionTimer ; 245.849 ; 5.12185 ; preSmoothTimer ; 2666.74 ; 55.557 ; upResidualTimer ; 453.275 ; 9.44322 ; postSmoothTimer ; 2637.23 ; 54.9422 ; commTimer ; 2777.39 ; 3.33021 ; timeToSolveWatch ; 6604.68 ; 6604.68 ;
correctionTimer ; 154.354 ; 3.21571 ; setSolutionTimer ; 12.2478 ; 0.255162 ; cycleWatch ; 6537.59 ; 817.199 ; setupWatch ; 39.0331 ; 39.0331 ; restrictionTimer ; 243.398 ; 5.07078 ; preSmoothTimer ; 2669.54 ; 55.6153 ; upResidualTimer ; 454.507 ; 9.4689 ; postSmoothTimer ; 2638.29 ; 54.9643 ; commTimer ; 2776.02 ; 3.32856 ; timeToSolveWatch ; 6604.68 ; 6604.68 ;
correctionTimer ; 153.563 ; 3.19924 ; setSolutionTimer ; 11.4654 ; 0.238862 ; cycleWatch ; 6536.12 ; 817.015 ; setupWatch ; 39.7632 ; 39.7632 ; restrictionTimer ; 243.617 ; 5.07535 ; preSmoothTimer ; 2673.11 ; 55.6898 ; upResidualTimer ; 451.576 ; 9.40784 ; postSmoothTimer ; 2638.6 ; 54.9708 ; commTimer ; 2775.35 ; 3.32776 ; timeToSolveWatch ; 6604.68 ; 6604.68 ;
correctionTimer ; 153.846 ; 3.20513 ; setSolutionTimer ; 12.7084 ; 0.264759 ; cycleWatch ; 6539.48 ; 817.434 ; setupWatch ; 40.0594 ; 40.0594 ; restrictionTimer ; 242.15 ; 5.04479 ; preSmoothTimer ; 2668.47 ; 55.5931 ; upResidualTimer ; 456.652 ; 9.51359 ; postSmoothTimer ; 2639.55 ; 54.9907 ; commTimer ; 2772.99 ; 3.32493 ; timeToSolveWatch ; 6604.69 ; 6604.69 ;
correctionTimer ; 153.729 ; 3.2027 ; setSolutionTimer ; 12.3658 ; 0.257621 ; cycleWatch ; 6539.59 ; 817.448 ; setupWatch ; 39.3407 ; 39.3407 ; restrictionTimer ; 246.19 ; 5.12896 ; preSmoothTimer ; 2670.07 ; 55.6264 ; upResidualTimer ; 451.484 ; 9.40591 ; postSmoothTimer ; 2640.72 ; 55.0151 ; commTimer ; 2779.29 ; 3.33248 ; timeToSolveWatch ; 6604.68 ; 6604.68 ;
correctionTimer ; 150.192 ; 3.12901 ; setSolutionTimer ; 12.8825 ; 0.268385 ; cycleWatch ; 6533.9 ; 816.738 ; setupWatch ; 40.2609 ; 40.2609 ; restrictionTimer ; 244.059 ; 5.08457 ; preSmoothTimer ; 2672.01 ; 55.6668 ; upResidualTimer ; 450.95 ; 9.39478 ; postSmoothTimer ; 2637.66 ; 54.9512 ; commTimer ; 2756.97 ; 3.30572 ; timeToSolveWatch ; 6604.68 ; 6604.68 ;
correctionTimer ; 150.757 ; 3.14076 ; setSolutionTimer ; 13.0696 ; 0.272284 ; cycleWatch ; 6530.09 ; 816.261 ; setupWatch ; 39.5908 ; 39.5908 ; restrictionTimer ; 248.657 ; 5.18034 ; preSmoothTimer ; 2663.21 ; 55.4836 ; upResidualTimer ; 454.7 ; 9.47291 ; postSmoothTimer ; 2629.95 ; 54.7906 ; commTimer ; 2782.37 ; 3.33618 ; timeToSolveWatch ; 6604.68 ; 6604.68 ;
correctionTimer ; 153.904 ; 3.20634 ; setSolutionTimer ; 12.5523 ; 0.261507 ; cycleWatch ; 6536.99 ; 817.124 ; setupWatch ; 38.4971 ; 38.4971 ; restrictionTimer ; 245.238 ; 5.10912 ; preSmoothTimer ; 2672.54 ; 55.6778 ; upResidualTimer ; 449.468 ; 9.36391 ; postSmoothTimer ; 2638.86 ; 54.9762 ; commTimer ; 2770.66 ; 3.32213 ; timeToSolveWatch ; 6604.68 ; 6604.68 ;
correctionTimer ; 153.653 ; 3.2011 ; setSolutionTimer ; 13.1527 ; 0.274014 ; cycleWatch ; 6539.8 ; 817.475 ; setupWatch ; 38.9304 ; 38.9304 ; restrictionTimer ; 246.101 ; 5.12711 ; preSmoothTimer ; 2670.52 ; 55.6359 ; upResidualTimer ; 449.956 ; 9.37409 ; postSmoothTimer ; 2638.39 ; 54.9665 ; commTimer ; 2776.39 ; 3.329 ; timeToSolveWatch ; 6604.68 ; 6604.68 ;
correctionTimer ; 155.117 ; 3.2316 ; setSolutionTimer ; 13.0835 ; 0.272573 ; cycleWatch ; 6539.61 ; 817.451 ; setupWatch ; 38.7857 ; 38.7857 ; restrictionTimer ; 246.425 ; 5.13386 ; preSmoothTimer ; 2668.2 ; 55.5875 ; upResidualTimer ; 451.942 ; 9.41547 ; postSmoothTimer ; 2638.23 ; 54.9631 ; commTimer ; 2774.37 ; 3.32658 ; timeToSolveWatch ; 6604.68 ; 6604.68 ;
correctionTimer ; 153.733 ; 3.20277 ; setSolutionTimer ; 14.1545 ; 0.294884 ; cycleWatch ; 6538.83 ; 817.353 ; setupWatch ; 39.9823 ; 39.9823 ; restrictionTimer ; 243.953 ; 5.08236 ; preSmoothTimer ; 2671.49 ; 55.6561 ; upResidualTimer ; 450.127 ; 9.37765 ; postSmoothTimer ; 2640.64 ; 55.0133 ; commTimer ; 2771.67 ; 3.32335 ; timeToSolveWatch ; 6604.68 ; 6604.68 ;
correctionTimer ; 154.821 ; 3.22543 ; setSolutionTimer ; 14.0512 ; 0.292733 ; cycleWatch ; 6541.91 ; 817.739 ; setupWatch ; 39.942 ; 39.942 ; restrictionTimer ; 242.701 ; 5.05626 ; preSmoothTimer ; 2668.97 ; 55.6034 ; upResidualTimer ; 454.165 ; 9.46177 ; postSmoothTimer ; 2642.73 ; 55.0568 ; commTimer ; 2776.57 ; 3.32922 ; timeToSolveWatch ; 6604.68 ; 6604.68 ;
correctionTimer ; 153.791 ; 3.20397 ; setSolutionTimer ; 13.006 ; 0.270958 ; cycleWatch ; 6541.96 ; 817.745 ; setupWatch ; 40.2065 ; 40.2065 ; restrictionTimer ; 246.101 ; 5.12711 ; preSmoothTimer ; 2669.29 ; 55.6102 ; upResidualTimer ; 451.588 ; 9.40808 ; postSmoothTimer ; 2641.96 ; 55.0407 ; commTimer ; 2778.25 ; 3.33123 ; timeToSolveWatch ; 6604.68 ; 6604.68 ;
correctionTimer ; 151.542 ; 3.15713 ; setSolutionTimer ; 13.3931 ; 0.279023 ; cycleWatch ; 6537.3 ; 817.162 ; setupWatch ; 40.0082 ; 40.0082 ; restrictionTimer ; 246.406 ; 5.13345 ; preSmoothTimer ; 2668.47 ; 55.5931 ; upResidualTimer ; 451.575 ; 9.40782 ; postSmoothTimer ; 2637.54 ; 54.9487 ; commTimer ; 2754.45 ; 3.3027 ; timeToSolveWatch ; 6604.68 ; 6604.68 ;
correctionTimer ; 147.939 ; 3.08206 ; setSolutionTimer ; 13.2342 ; 0.275713 ; cycleWatch ; 6525.03 ; 815.629 ; setupWatch ; 40.5602 ; 40.5602 ; restrictionTimer ; 246.884 ; 5.14341 ; preSmoothTimer ; 2664.57 ; 55.5119 ; upResidualTimer ; 454.79 ; 9.47479 ; postSmoothTimer ; 2627.91 ; 54.7481 ; commTimer ; 2791.1 ; 3.34664 ; timeToSolveWatch ; 6604.68 ; 6604.68 ;
correctionTimer ; 154.074 ; 3.20987 ; setSolutionTimer ; 12.4279 ; 0.258915 ; cycleWatch ; 6532.52 ; 816.565 ; setupWatch ; 39.3458 ; 39.3458 ; restrictionTimer ; 246.15 ; 5.12813 ; preSmoothTimer ; 2670.1 ; 55.6271 ; upResidualTimer ; 450.93 ; 9.39437 ; postSmoothTimer ; 2633.82 ; 54.8712 ; commTimer ; 2785.5 ; 3.33993 ; timeToSolveWatch ; 6604.68 ; 6604.68 ;
correctionTimer ; 152.929 ; 3.18602 ; setSolutionTimer ; 15.2122 ; 0.31692 ; cycleWatch ; 6534.75 ; 816.843 ; setupWatch ; 40.4511 ; 40.4511 ; restrictionTimer ; 245.061 ; 5.10545 ; preSmoothTimer ; 2669.62 ; 55.617 ; upResidualTimer ; 449.65 ; 9.3677 ; postSmoothTimer ; 2635.77 ; 54.9118 ; commTimer ; 2786.4 ; 3.34101 ; timeToSolveWatch ; 6604.68 ; 6604.68 ;
correctionTimer ; 151.781 ; 3.16209 ; setSolutionTimer ; 11.8518 ; 0.246914 ; cycleWatch ; 6535.39 ; 816.924 ; setupWatch ; 39.5473 ; 39.5473 ; restrictionTimer ; 245.568 ; 5.116 ; preSmoothTimer ; 2669.78 ; 55.6204 ; upResidualTimer ; 452.242 ; 9.42171 ; postSmoothTimer ; 2637.4 ; 54.9458 ; commTimer ; 2787.37 ; 3.34216 ; timeToSolveWatch ; 6604.68 ; 6604.68 ;
correctionTimer ; 153.18 ; 3.19125 ; setSolutionTimer ; 15.1981 ; 0.316628 ; cycleWatch ; 6534.26 ; 816.783 ; setupWatch ; 39.0011 ; 39.0011 ; restrictionTimer ; 243.235 ; 5.0674 ; preSmoothTimer ; 2669.52 ; 55.615 ; upResidualTimer ; 451.605 ; 9.40844 ; postSmoothTimer ; 2637.25 ; 54.9427 ; commTimer ; 2783.1 ; 3.33705 ; timeToSolveWatch ; 6604.68 ; 6604.68 ;
correctionTimer ; 153.819 ; 3.20457 ; setSolutionTimer ; 12.5591 ; 0.261649 ; cycleWatch ; 6538.44 ; 817.305 ; setupWatch ; 39.4757 ; 39.4757 ; restrictionTimer ; 243.542 ; 5.07378 ; preSmoothTimer ; 2668.64 ; 55.5967 ; upResidualTimer ; 454.954 ; 9.4782 ; postSmoothTimer ; 2639.66 ; 54.9928 ; commTimer ; 2790.63 ; 3.34608 ; timeToSolveWatch ; 6604.68 ; 6604.68 ;
correctionTimer ; 151.961 ; 3.16585 ; setSolutionTimer ; 13.2236 ; 0.275492 ; cycleWatch ; 6538.99 ; 817.374 ; setupWatch ; 39.3715 ; 39.3715 ; restrictionTimer ; 247.081 ; 5.14752 ; preSmoothTimer ; 2667.92 ; 55.5816 ; upResidualTimer ; 451.543 ; 9.40714 ; postSmoothTimer ; 2639.26 ; 54.9846 ; commTimer ; 2791.12 ; 3.34667 ; timeToSolveWatch ; 6604.68 ; 6604.68 ;
correctionTimer ; 149.794 ; 3.12071 ; setSolutionTimer ; 11.6752 ; 0.243234 ; cycleWatch ; 6533.51 ; 816.689 ; setupWatch ; 39.7503 ; 39.7503 ; restrictionTimer ; 245.207 ; 5.10849 ; preSmoothTimer ; 2672.25 ; 55.6718 ; upResidualTimer ; 450.555 ; 9.38657 ; postSmoothTimer ; 2634.62 ; 54.8878 ; commTimer ; 2772.54 ; 3.32439 ; timeToSolveWatch ; 6604.68 ; 6604.68 ;
correctionTimer ; 148.809 ; 3.10018 ; setSolutionTimer ; 13.505 ; 0.281355 ; cycleWatch ; 6520.84 ; 815.105 ; setupWatch ; 39.2304 ; 39.2304 ; restrictionTimer ; 250.056 ; 5.20949 ; preSmoothTimer ; 2662.16 ; 55.4616 ; upResidualTimer ; 453.682 ; 9.45171 ; postSmoothTimer ; 2622.11 ; 54.6274 ; commTimer ; 2788.29 ; 3.34328 ; timeToSolveWatch ; 6604.68 ; 6604.68 ;
correctionTimer ; 154.695 ; 3.22281 ; setSolutionTimer ; 12.7398 ; 0.265413 ; cycleWatch ; 6531.52 ; 816.44 ; setupWatch ; 38.7771 ; 38.7771 ; restrictionTimer ; 242.636 ; 5.05491 ; preSmoothTimer ; 2674.01 ; 55.7085 ; upResidualTimer ; 450.232 ; 9.37983 ; postSmoothTimer ; 2629.79 ; 54.7874 ; commTimer ; 2780.48 ; 3.33391 ; timeToSolveWatch ; 6604.68 ; 6604.68 ;
correctionTimer ; 153.145 ; 3.19053 ; setSolutionTimer ; 13.3762 ; 0.278671 ; cycleWatch ; 6532.23 ; 816.529 ; setupWatch ; 38.815 ; 38.815 ; restrictionTimer ; 245.19 ; 5.10812 ; preSmoothTimer ; 2667.67 ; 55.5764 ; upResidualTimer ; 453.28 ; 9.44334 ; postSmoothTimer ; 2632.25 ; 54.8386 ; commTimer ; 2783.35 ; 3.33735 ; timeToSolveWatch ; 6604.68 ; 6604.68 ;
correctionTimer ; 154.805 ; 3.22511 ; setSolutionTimer ; 13.1979 ; 0.274955 ; cycleWatch ; 6529.88 ; 816.235 ; setupWatch ; 39.7071 ; 39.7071 ; restrictionTimer ; 242.189 ; 5.04561 ; preSmoothTimer ; 2669.35 ; 55.6115 ; upResidualTimer ; 454.67 ; 9.4723 ; postSmoothTimer ; 2631.34 ; 54.8196 ; commTimer ; 2776.26 ; 3.32884 ; timeToSolveWatch ; 6604.68 ; 6604.68 ;
correctionTimer ; 154.592 ; 3.22066 ; setSolutionTimer ; 13.222 ; 0.275457 ; cycleWatch ; 6528.71 ; 816.089 ; setupWatch ; 39.2848 ; 39.2848 ; restrictionTimer ; 240.727 ; 5.01514 ; preSmoothTimer ; 2673.24 ; 55.6925 ; upResidualTimer ; 452.286 ; 9.42262 ; postSmoothTimer ; 2630.56 ; 54.8033 ; commTimer ; 2772.57 ; 3.32443 ; timeToSolveWatch ; 6604.68 ; 6604.68 ;
correctionTimer ; 153.993 ; 3.20818 ; setSolutionTimer ; 12.8012 ; 0.266692 ; cycleWatch ; 6531.56 ; 816.445 ; setupWatch ; 39.086 ; 39.086 ; restrictionTimer ; 243.262 ; 5.06796 ; preSmoothTimer ; 2666.6 ; 55.5543 ; upResidualTimer ; 456.997 ; 9.52076 ; postSmoothTimer ; 2631.75 ; 54.828 ; commTimer ; 2778.87 ; 3.33198 ; timeToSolveWatch ; 6604.68 ; 6604.68 ;
correctionTimer ; 154.096 ; 3.21032 ; setSolutionTimer ; 13.0723 ; 0.272339 ; cycleWatch ; 6532.32 ; 816.54 ; setupWatch ; 39.8391 ; 39.8391 ; restrictionTimer ; 245.611 ; 5.11689 ; preSmoothTimer ; 2668.88 ; 55.6016 ; upResidualTimer ; 452.226 ; 9.42138 ; postSmoothTimer ; 2633.72 ; 54.8691 ; commTimer ; 2782.28 ; 3.33606 ; timeToSolveWatch ; 6604.68 ; 6604.68 ;
correctionTimer ; 150.375 ; 3.13282 ; setSolutionTimer ; 11.4997 ; 0.239577 ; cycleWatch ; 6527.73 ; 815.966 ; setupWatch ; 40.7912 ; 40.7912 ; restrictionTimer ; 241.147 ; 5.0239 ; preSmoothTimer ; 2676.49 ; 55.7602 ; upResidualTimer ; 450.45 ; 9.38437 ; postSmoothTimer ; 2631.37 ; 54.8201 ; commTimer ; 2761.83 ; 3.31155 ; timeToSolveWatch ; 6604.68 ; 6604.68 ;
correctionTimer ; 149.428 ; 3.11307 ; setSolutionTimer ; 12.0101 ; 0.25021 ; cycleWatch ; 6528.75 ; 816.093 ; setupWatch ; 39.9778 ; 39.9778 ; restrictionTimer ; 249.003 ; 5.18757 ; preSmoothTimer ; 2664.58 ; 55.512 ; upResidualTimer ; 454.09 ; 9.4602 ; postSmoothTimer ; 2628.98 ; 54.7704 ; commTimer ; 2780.07 ; 3.33342 ; timeToSolveWatch ; 6604.68 ; 6604.68 ;
correctionTimer ; 153.735 ; 3.20282 ; setSolutionTimer ; 13.3266 ; 0.277637 ; cycleWatch ; 6537.03 ; 817.129 ; setupWatch ; 39.4199 ; 39.4199 ; restrictionTimer ; 244.269 ; 5.08893 ; preSmoothTimer ; 2672.92 ; 55.6857 ; upResidualTimer ; 449.381 ; 9.3621 ; postSmoothTimer ; 2637.77 ; 54.9535 ; commTimer ; 2777.16 ; 3.32992 ; timeToSolveWatch ; 6604.68 ; 6604.68 ;
correctionTimer ; 154.144 ; 3.21134 ; setSolutionTimer ; 13.3602 ; 0.278338 ; cycleWatch ; 6537.86 ; 817.233 ; setupWatch ; 39.4982 ; 39.4982 ; restrictionTimer ; 245.867 ; 5.12222 ; preSmoothTimer ; 2668.49 ; 55.5935 ; upResidualTimer ; 452.08 ; 9.41833 ; postSmoothTimer ; 2636.53 ; 54.9276 ; commTimer ; 2773.98 ; 3.32612 ; timeToSolveWatch ; 6604.68 ; 6604.68 ;
correctionTimer ; 153.526 ; 3.19845 ; setSolutionTimer ; 13.2137 ; 0.275286 ; cycleWatch ; 6537.27 ; 817.158 ; setupWatch ; 38.5797 ; 38.5797 ; restrictionTimer ; 243.95 ; 5.08229 ; preSmoothTimer ; 2668.65 ; 55.5969 ; upResidualTimer ; 453.882 ; 9.45587 ; postSmoothTimer ; 2639.28 ; 54.985 ; commTimer ; 2778.65 ; 3.33171 ; timeToSolveWatch ; 6604.68 ; 6604.68 ;
correctionTimer ; 154.391 ; 3.21649 ; setSolutionTimer ; 12.9632 ; 0.270068 ; cycleWatch ; 6536.07 ; 817.009 ; setupWatch ; 40.1416 ; 40.1416 ; restrictionTimer ; 244.016 ; 5.08367 ; preSmoothTimer ; 2671.39 ; 55.6541 ; upResidualTimer ; 451.379 ; 9.40372 ; postSmoothTimer ; 2637.96 ; 54.9574 ; commTimer ; 2776.35 ; 3.32896 ; timeToSolveWatch ; 6604.68 ; 6604.68 ;
correctionTimer ; 152.648 ; 3.18018 ; setSolutionTimer ; 12.8229 ; 0.267143 ; cycleWatch ; 6539.24 ; 817.405 ; setupWatch ; 39.1957 ; 39.1957 ; restrictionTimer ; 242.312 ; 5.04816 ; preSmoothTimer ; 2668.49 ; 55.5935 ; upResidualTimer ; 456.323 ; 9.50672 ; postSmoothTimer ; 2640.73 ; 55.0153 ; commTimer ; 2783.34 ; 3.33734 ; timeToSolveWatch ; 6604.68 ; 6604.68 ;
correctionTimer ; 152.38 ; 3.17458 ; setSolutionTimer ; 13.5797 ; 0.282909 ; cycleWatch ; 6539.74 ; 817.468 ; setupWatch ; 39.7729 ; 39.7729 ; restrictionTimer ; 245.163 ; 5.10757 ; preSmoothTimer ; 2669.78 ; 55.6205 ; upResidualTimer ; 451.534 ; 9.40697 ; postSmoothTimer ; 2641.9 ; 55.0397 ; commTimer ; 2781.08 ; 3.33462 ; timeToSolveWatch ; 6604.68 ; 6604.68 ;
correctionTimer ; 149.042 ; 3.10505 ; setSolutionTimer ; 13.2233 ; 0.275486 ; cycleWatch ; 6534.08 ; 816.76 ; setupWatch ; 40.1954 ; 40.1954 ; restrictionTimer ; 242.792 ; 5.05816 ; preSmoothTimer ; 2671.93 ; 55.6651 ; upResidualTimer ; 451.922 ; 9.41504 ; postSmoothTimer ; 2638.85 ; 54.9761 ; commTimer ; 2758.46 ; 3.30751 ; timeToSolveWatch ; 6604.68 ; 6604.68 ;
correctionTimer ; 149.284 ; 3.11008 ; setSolutionTimer ; 12.9748 ; 0.270309 ; cycleWatch ; 6529.81 ; 816.226 ; setupWatch ; 38.6308 ; 38.6308 ; restrictionTimer ; 248.063 ; 5.16798 ; preSmoothTimer ; 2664.65 ; 55.5135 ; upResidualTimer ; 453.978 ; 9.45787 ; postSmoothTimer ; 2631.31 ; 54.8189 ; commTimer ; 2785.13 ; 3.33949 ; timeToSolveWatch ; 6604.68 ; 6604.68 ;
correctionTimer ; 153.99 ; 3.20812 ; setSolutionTimer ; 12.3374 ; 0.257028 ; cycleWatch ; 6536.76 ; 817.095 ; setupWatch ; 39.4235 ; 39.4235 ; restrictionTimer ; 245.056 ; 5.10534 ; preSmoothTimer ; 2670.88 ; 55.6432 ; upResidualTimer ; 451.564 ; 9.40758 ; postSmoothTimer ; 2638.38 ; 54.9663 ; commTimer ; 2777.68 ; 3.33055 ; timeToSolveWatch ; 6604.69 ; 6604.69 ;
correctionTimer ; 153.737 ; 3.20285 ; setSolutionTimer ; 13.1873 ; 0.274736 ; cycleWatch ; 6539.42 ; 817.428 ; setupWatch ; 40.4305 ; 40.4305 ; restrictionTimer ; 243.922 ; 5.08171 ; preSmoothTimer ; 2670.98 ; 55.6453 ; upResidualTimer ; 451.649 ; 9.40936 ; postSmoothTimer ; 2638.44 ; 54.9675 ; commTimer ; 2779.41 ; 3.33262 ; timeToSolveWatch ; 6604.68 ; 6604.68 ;
correctionTimer ; 153.449 ; 3.19686 ; setSolutionTimer ; 13.551 ; 0.282312 ; cycleWatch ; 6539.67 ; 817.458 ; setupWatch ; 39.5923 ; 39.5923 ; restrictionTimer ; 245.228 ; 5.10892 ; preSmoothTimer ; 2667.45 ; 55.5719 ; upResidualTimer ; 453.409 ; 9.44601 ; postSmoothTimer ; 2639.68 ; 54.9934 ; commTimer ; 2775.04 ; 3.32738 ; timeToSolveWatch ; 6604.68 ; 6604.68 ;
correctionTimer ; 153.938 ; 3.20705 ; setSolutionTimer ; 14.8874 ; 0.310155 ; cycleWatch ; 6538.75 ; 817.344 ; setupWatch ; 40.3267 ; 40.3267 ; restrictionTimer ; 243.58 ; 5.07458 ; preSmoothTimer ; 2670.77 ; 55.641 ; upResidualTimer ; 450.457 ; 9.38453 ; postSmoothTimer ; 2640.91 ; 55.019 ; commTimer ; 2771.31 ; 3.32291 ; timeToSolveWatch ; 6604.68 ; 6604.68 ;
correctionTimer ; 153.43 ; 3.19647 ; setSolutionTimer ; 12.8497 ; 0.267701 ; cycleWatch ; 6541.9 ; 817.737 ; setupWatch ; 39.9793 ; 39.9793 ; restrictionTimer ; 242.231 ; 5.04648 ; preSmoothTimer ; 2669.27 ; 55.6097 ; upResidualTimer ; 455.512 ; 9.48983 ; postSmoothTimer ; 2643.69 ; 55.0769 ; commTimer ; 2781.94 ; 3.33566 ; timeToSolveWatch ; 6604.68 ; 6604.68 ;
correctionTimer ; 154.061 ; 3.20961 ; setSolutionTimer ; 12.4143 ; 0.258631 ; cycleWatch ; 6541.86 ; 817.733 ; setupWatch ; 40.3482 ; 40.3482 ; restrictionTimer ; 245.511 ; 5.11481 ; preSmoothTimer ; 2669.48 ; 55.6143 ; upResidualTimer ; 452.563 ; 9.42841 ; postSmoothTimer ; 2641.58 ; 55.0329 ; commTimer ; 2777.09 ; 3.32984 ; timeToSolveWatch ; 6604.69 ; 6604.69 ;
correctionTimer ; 149.502 ; 3.11463 ; setSolutionTimer ; 13.3135 ; 0.277365 ; cycleWatch ; 6537.01 ; 817.126 ; setupWatch ; 38.584 ; 38.584 ; restrictionTimer ; 244.749 ; 5.09894 ; preSmoothTimer ; 2669.84 ; 55.6217 ; upResidualTimer ; 451.922 ; 9.41504 ; postSmoothTimer ; 2639.73 ; 54.9943 ; commTimer ; 2764.44 ; 3.31467 ; timeToSolveWatch ; 6604.68 ; 6604.68 ;
correctionTimer ; 150.028 ; 3.12559 ; setSolutionTimer ; 13.5637 ; 0.282578 ; cycleWatch ; 6525.11 ; 815.638 ; setupWatch ; 39.1432 ; 39.1432 ; restrictionTimer ; 247.229 ; 5.1506 ; preSmoothTimer ; 2664.51 ; 55.5106 ; upResidualTimer ; 454.208 ; 9.46266 ; postSmoothTimer ; 2625.96 ; 54.7076 ; commTimer ; 2791.47 ; 3.34709 ; timeToSolveWatch ; 6604.68 ; 6604.68 ;
correctionTimer ; 152.668 ; 3.18059 ; setSolutionTimer ; 12.3445 ; 0.257177 ; cycleWatch ; 6532.34 ; 816.543 ; setupWatch ; 39.5529 ; 39.5529 ; restrictionTimer ; 247.828 ; 5.16308 ; preSmoothTimer ; 2670.76 ; 55.6408 ; upResidualTimer ; 448.683 ; 9.34755 ; postSmoothTimer ; 2635.36 ; 54.9033 ; commTimer ; 2789.11 ; 3.34426 ; timeToSolveWatch ; 6604.68 ; 6604.68 ;
correctionTimer ; 153.472 ; 3.19733 ; setSolutionTimer ; 13.8407 ; 0.288348 ; cycleWatch ; 6534.86 ; 816.857 ; setupWatch ; 38.974 ; 38.974 ; restrictionTimer ; 244.665 ; 5.09719 ; preSmoothTimer ; 2672.41 ; 55.6753 ; upResidualTimer ; 448.635 ; 9.34656 ; postSmoothTimer ; 2635.27 ; 54.9014 ; commTimer ; 2790.56 ; 3.346 ; timeToSolveWatch ; 6604.68 ; 6604.68 ;
correctionTimer ; 152.542 ; 3.17795 ; setSolutionTimer ; 14.1695 ; 0.295198 ; cycleWatch ; 6535.08 ; 816.885 ; setupWatch ; 39.2232 ; 39.2232 ; restrictionTimer ; 246.277 ; 5.13078 ; preSmoothTimer ; 2667.5 ; 55.5729 ; upResidualTimer ; 451.501 ; 9.40627 ; postSmoothTimer ; 2636.42 ; 54.9254 ; commTimer ; 2788.8 ; 3.34389 ; timeToSolveWatch ; 6604.68 ; 6604.68 ;
correctionTimer ; 151.607 ; 3.15847 ; setSolutionTimer ; 14.1346 ; 0.29447 ; cycleWatch ; 6534.16 ; 816.77 ; setupWatch ; 39.1783 ; 39.1783 ; restrictionTimer ; 243.82 ; 5.07957 ; preSmoothTimer ; 2671.81 ; 55.6626 ; upResidualTimer ; 449.762 ; 9.37005 ; postSmoothTimer ; 2638.5 ; 54.9688 ; commTimer ; 2787.01 ; 3.34173 ; timeToSolveWatch ; 6604.68 ; 6604.68 ;
correctionTimer ; 153.354 ; 3.19487 ; setSolutionTimer ; 12.9363 ; 0.269507 ; cycleWatch ; 6537.95 ; 817.244 ; setupWatch ; 38.9005 ; 38.9005 ; restrictionTimer ; 242.276 ; 5.04742 ; preSmoothTimer ; 2668.74 ; 55.5987 ; upResidualTimer ; 455.74 ; 9.49459 ; postSmoothTimer ; 2640.23 ; 55.0048 ; commTimer ; 2790.98 ; 3.34649 ; timeToSolveWatch ; 6604.68 ; 6604.68 ;
correctionTimer ; 153.654 ; 3.20112 ; setSolutionTimer ; 15.1999 ; 0.316665 ; cycleWatch ; 6538.71 ; 817.338 ; setupWatch ; 40.3322 ; 40.3322 ; restrictionTimer ; 247.288 ; 5.15184 ; preSmoothTimer ; 2665.1 ; 55.5229 ; upResidualTimer ; 452.174 ; 9.42029 ; postSmoothTimer ; 2637.53 ; 54.9485 ; commTimer ; 2787.26 ; 3.34204 ; timeToSolveWatch ; 6604.68 ; 6604.68 ;
correctionTimer ; 148.934 ; 3.10278 ; setSolutionTimer ; 11.811 ; 0.246062 ; cycleWatch ; 6533.54 ; 816.692 ; setupWatch ; 40.4651 ; 40.4651 ; restrictionTimer ; 246.015 ; 5.12531 ; preSmoothTimer ; 2673.67 ; 55.7014 ; upResidualTimer ; 448.18 ; 9.33708 ; postSmoothTimer ; 2635.33 ; 54.9028 ; commTimer ; 2778.36 ; 3.33136 ; timeToSolveWatch ; 6604.68 ; 6604.68 ;
