correctionTimer ; 238.123 ; 2.83479 ; setSolutionTimer ; 8.75069 ; 0.104175 ; cycleWatch ; 5205.04 ; 371.789 ; setupWatch ; 44.1073 ; 44.1073 ; restrictionTimer ; 293.867 ; 3.49841 ; preSmoothTimer ; 1748.65 ; 20.8173 ; upResidualTimer ; 642.702 ; 7.65121 ; postSmoothTimer ; 1683.1 ; 20.0369 ; commTimer ; 1467.24 ; 1.54446 ; timeToSolveWatch ; 5378.8 ; 5378.8 ;
correctionTimer ; 244.919 ; 2.9157 ; setSolutionTimer ; 8.89415 ; 0.105883 ; cycleWatch ; 5237.62 ; 374.115 ; setupWatch ; 43.9928 ; 43.9928 ; restrictionTimer ; 299.389 ; 3.56416 ; preSmoothTimer ; 1749.95 ; 20.8327 ; upResidualTimer ; 643.383 ; 7.65932 ; postSmoothTimer ; 1704.66 ; 20.2936 ; commTimer ; 1509.53 ; 1.58897 ; timeToSolveWatch ; 5378.42 ; 5378.42 ;
correctionTimer ; 245.002 ; 2.91669 ; setSolutionTimer ; 8.69733 ; 0.10354 ; cycleWatch ; 5241.46 ; 374.39 ; setupWatch ; 44.2686 ; 44.2686 ; restrictionTimer ; 294.967 ; 3.51151 ; preSmoothTimer ; 1757.05 ; 20.9173 ; upResidualTimer ; 641.292 ; 7.63442 ; postSmoothTimer ; 1712.51 ; 20.387 ; commTimer ; 1400.56 ; 1.47427 ; timeToSolveWatch ; 5378.42 ; 5378.42 ;
correctionTimer ; 244.777 ; 2.91401 ; setSolutionTimer ; 8.63669 ; 0.102818 ; cycleWatch ; 5244.91 ; 374.636 ; setupWatch ; 44.1558 ; 44.1558 ; restrictionTimer ; 295.362 ; 3.51622 ; preSmoothTimer ; 1751.87 ; 20.8556 ; upResidualTimer ; 646.137 ; 7.6921 ; postSmoothTimer ; 1714.45 ; 20.4102 ; commTimer ; 1410.75 ; 1.485 ; timeToSolveWatch ; 5378.42 ; 5378.42 ;
correctionTimer ; 245.08 ; 2.91762 ; setSolutionTimer ; 8.50032 ; 0.101194 ; cycleWatch ; 5246.98 ; 374.784 ; setupWatch ; 44.2026 ; 44.2026 ; restrictionTimer ; 293.993 ; 3.49991 ; preSmoothTimer ; 1755.61 ; 20.9002 ; upResidualTimer ; 643.895 ; 7.66542 ; postSmoothTimer ; 1712.2 ; 20.3834 ; commTimer ; 1401.66 ; 1.47543 ; timeToSolveWatch ; 5378.42 ; 5378.42 ;
correctionTimer ; 244.651 ; 2.91251 ; setSolutionTimer ; 8.94498 ; 0.106488 ; cycleWatch ; 5241.75 ; 374.41 ; setupWatch ; 44.2823 ; 44.2823 ; restrictionTimer ; 293.445 ; 3.4934 ; preSmoothTimer ; 1757.02 ; 20.9169 ; upResidualTimer ; 642.531 ; 7.64918 ; postSmoothTimer ; 1717.44 ; 20.4457 ; commTimer ; 1403.56 ; 1.47743 ; timeToSolveWatch ; 5378.42 ; 5378.42 ;
correctionTimer ; 245.1 ; 2.91786 ; setSolutionTimer ; 8.28109 ; 0.0985844 ; cycleWatch ; 5243.56 ; 374.54 ; setupWatch ; 44.2158 ; 44.2158 ; restrictionTimer ; 293.667 ; 3.49604 ; preSmoothTimer ; 1738.51 ; 20.6965 ; upResidualTimer ; 661.208 ; 7.87153 ; postSmoothTimer ; 1698.69 ; 20.2225 ; commTimer ; 1510.49 ; 1.58999 ; timeToSolveWatch ; 5378.42 ; 5378.42 ;
correctionTimer ; 238.996 ; 2.84519 ; setSolutionTimer ; 8.40839 ; 0.1001 ; cycleWatch ; 5235.24 ; 373.946 ; setupWatch ; 44.2141 ; 44.2141 ; restrictionTimer ; 291.923 ; 3.47527 ; preSmoothTimer ; 1719.21 ; 20.4668 ; upResidualTimer ; 681.88 ; 8.11762 ; postSmoothTimer ; 1675.61 ; 19.9477 ; commTimer ; 1501.66 ; 1.5807 ; timeToSolveWatch ; 5378.42 ; 5378.42 ;
correctionTimer ; 240.444 ; 2.86243 ; setSolutionTimer ; 8.73871 ; 0.104032 ; cycleWatch ; 5229.22 ; 373.516 ; setupWatch ; 44.2048 ; 44.2048 ; restrictionTimer ; 291.394 ; 3.46898 ; preSmoothTimer ; 1760.13 ; 20.9539 ; upResidualTimer ; 641.46 ; 7.63643 ; postSmoothTimer ; 1697.73 ; 20.2111 ; commTimer ; 1454.04 ; 1.53057 ; timeToSolveWatch ; 5378.42 ; 5378.42 ;
correctionTimer ; 247.333 ; 2.94444 ; setSolutionTimer ; 8.81034 ; 0.104885 ; cycleWatch ; 5251.75 ; 375.125 ; setupWatch ; 44.2236 ; 44.2236 ; restrictionTimer ; 296.505 ; 3.52982 ; preSmoothTimer ; 1754.02 ; 20.8812 ; upResidualTimer ; 642.773 ; 7.65206 ; postSmoothTimer ; 1716.9 ; 20.4393 ; commTimer ; 1487.31 ; 1.56559 ; timeToSolveWatch ; 5378.42 ; 5378.42 ;
correctionTimer ; 247.42 ; 2.94548 ; setSolutionTimer ; 8.82526 ; 0.105063 ; cycleWatch ; 5257.25 ; 375.518 ; setupWatch ; 44.139 ; 44.139 ; restrictionTimer ; 294.148 ; 3.50176 ; preSmoothTimer ; 1758.07 ; 20.9294 ; upResidualTimer ; 641.461 ; 7.63644 ; postSmoothTimer ; 1724.71 ; 20.5322 ; commTimer ; 1386.86 ; 1.45986 ; timeToSolveWatch ; 5378.42 ; 5378.42 ;
correctionTimer ; 247.197 ; 2.94282 ; setSolutionTimer ; 8.8174 ; 0.104969 ; cycleWatch ; 5259.8 ; 375.7 ; setupWatch ; 44.1216 ; 44.1216 ; restrictionTimer ; 294.036 ; 3.50042 ; preSmoothTimer ; 1755.43 ; 20.898 ; upResidualTimer ; 644.203 ; 7.66909 ; postSmoothTimer ; 1726.85 ; 20.5577 ; commTimer ; 1398 ; 1.47158 ; timeToSolveWatch ; 5378.42 ; 5378.42 ;
correctionTimer ; 247.335 ; 2.94446 ; setSolutionTimer ; 8.66626 ; 0.10317 ; cycleWatch ; 5261.33 ; 375.809 ; setupWatch ; 44.1282 ; 44.1282 ; restrictionTimer ; 292.444 ; 3.48148 ; preSmoothTimer ; 1758.67 ; 20.9365 ; upResidualTimer ; 642.711 ; 7.65132 ; postSmoothTimer ; 1724.48 ; 20.5296 ; commTimer ; 1389.51 ; 1.46264 ; timeToSolveWatch ; 5378.42 ; 5378.42 ;
correctionTimer ; 247.391 ; 2.94513 ; setSolutionTimer ; 8.95685 ; 0.106629 ; cycleWatch ; 5256.23 ; 375.445 ; setupWatch ; 44.2314 ; 44.2314 ; restrictionTimer ; 291.988 ; 3.47605 ; preSmoothTimer ; 1760.32 ; 20.9562 ; upResidualTimer ; 641.156 ; 7.63282 ; postSmoothTimer ; 1730.55 ; 20.6018 ; commTimer ; 1389.71 ; 1.46285 ; timeToSolveWatch ; 5378.42 ; 5378.42 ;
correctionTimer ; 247.536 ; 2.94686 ; setSolutionTimer ; 8.42412 ; 0.100287 ; cycleWatch ; 5257.84 ; 375.56 ; setupWatch ; 44.2132 ; 44.2132 ; restrictionTimer ; 291.3 ; 3.46786 ; preSmoothTimer ; 1742.22 ; 20.7407 ; upResidualTimer ; 660.177 ; 7.85925 ; postSmoothTimer ; 1711.36 ; 20.3733 ; commTimer ; 1494.23 ; 1.57288 ; timeToSolveWatch ; 5378.42 ; 5378.42 ;
correctionTimer ; 241.189 ; 2.8713 ; setSolutionTimer ; 8.41556 ; 0.100185 ; cycleWatch ; 5249.63 ; 374.974 ; setupWatch ; 44.2023 ; 44.2023 ; restrictionTimer ; 289.065 ; 3.44125 ; preSmoothTimer ; 1725.37 ; 20.5401 ; upResidualTimer ; 679.069 ; 8.08415 ; postSmoothTimer ; 1690.78 ; 20.1284 ; commTimer ; 1479.93 ; 1.55782 ; timeToSolveWatch ; 5378.42 ; 5378.42 ;
correctionTimer ; 240.41 ; 2.86203 ; setSolutionTimer ; 8.79179 ; 0.104664 ; cycleWatch ; 5230.36 ; 373.597 ; setupWatch ; 44.2536 ; 44.2536 ; restrictionTimer ; 292.333 ; 3.48015 ; preSmoothTimer ; 1758.96 ; 20.94 ; upResidualTimer ; 641.923 ; 7.64194 ; postSmoothTimer ; 1697.07 ; 20.2032 ; commTimer ; 1457.46 ; 1.53417 ; timeToSolveWatch ; 5378.42 ; 5378.42 ;
correctionTimer ; 247.362 ; 2.94478 ; setSolutionTimer ; 8.85484 ; 0.105415 ; cycleWatch ; 5254.74 ; 375.339 ; setupWatch ; 44.2641 ; 44.2641 ; restrictionTimer ; 296.129 ; 3.52534 ; preSmoothTimer ; 1752.36 ; 20.8614 ; upResidualTimer ; 644.909 ; 7.67749 ; postSmoothTimer ; 1717.41 ; 20.4454 ; commTimer ; 1493.35 ; 1.57194 ; timeToSolveWatch ; 5378.42 ; 5378.42 ;
correctionTimer ; 247.457 ; 2.94592 ; setSolutionTimer ; 8.80005 ; 0.104762 ; cycleWatch ; 5264.06 ; 376.004 ; setupWatch ; 44.2119 ; 44.2119 ; restrictionTimer ; 294.257 ; 3.50306 ; preSmoothTimer ; 1755.81 ; 20.9025 ; upResidualTimer ; 643.669 ; 7.66273 ; postSmoothTimer ; 1724.92 ; 20.5348 ; commTimer ; 1388.84 ; 1.46194 ; timeToSolveWatch ; 5378.42 ; 5378.42 ;
correctionTimer ; 247.241 ; 2.94334 ; setSolutionTimer ; 8.88041 ; 0.105719 ; cycleWatch ; 5263.14 ; 375.939 ; setupWatch ; 44.215 ; 44.215 ; restrictionTimer ; 294.416 ; 3.50495 ; preSmoothTimer ; 1753.92 ; 20.88 ; upResidualTimer ; 645.37 ; 7.68297 ; postSmoothTimer ; 1728.33 ; 20.5754 ; commTimer ; 1394.18 ; 1.46756 ; timeToSolveWatch ; 5378.42 ; 5378.42 ;
correctionTimer ; 247.376 ; 2.94495 ; setSolutionTimer ; 8.67051 ; 0.10322 ; cycleWatch ; 5264.35 ; 376.025 ; setupWatch ; 44.3058 ; 44.3058 ; restrictionTimer ; 291.269 ; 3.46748 ; preSmoothTimer ; 1758.77 ; 20.9378 ; upResidualTimer ; 643.859 ; 7.66499 ; postSmoothTimer ; 1727.57 ; 20.5664 ; commTimer ; 1392.98 ; 1.46629 ; timeToSolveWatch ; 5378.42 ; 5378.42 ;
correctionTimer ; 247.279 ; 2.9438 ; setSolutionTimer ; 9.00687 ; 0.107225 ; cycleWatch ; 5257.22 ; 375.516 ; setupWatch ; 44.3059 ; 44.3059 ; restrictionTimer ; 291.692 ; 3.47252 ; preSmoothTimer ; 1761.88 ; 20.9747 ; upResidualTimer ; 639.897 ; 7.61782 ; postSmoothTimer ; 1729.78 ; 20.5926 ; commTimer ; 1392.09 ; 1.46536 ; timeToSolveWatch ; 5378.42 ; 5378.42 ;
correctionTimer ; 247.491 ; 2.94632 ; setSolutionTimer ; 8.41814 ; 0.100216 ; cycleWatch ; 5259.83 ; 375.702 ; setupWatch ; 44.2468 ; 44.2468 ; restrictionTimer ; 290.703 ; 3.46075 ; preSmoothTimer ; 1741.98 ; 20.7378 ; upResidualTimer ; 661.264 ; 7.87219 ; postSmoothTimer ; 1711.79 ; 20.3784 ; commTimer ; 1492.35 ; 1.5709 ; timeToSolveWatch ; 5378.42 ; 5378.42 ;
correctionTimer ; 241.316 ; 2.87281 ; setSolutionTimer ; 8.43289 ; 0.100392 ; cycleWatch ; 5251.29 ; 375.092 ; setupWatch ; 44.1487 ; 44.1487 ; restrictionTimer ; 288.598 ; 3.43569 ; preSmoothTimer ; 1723.34 ; 20.5159 ; upResidualTimer ; 681.802 ; 8.11669 ; postSmoothTimer ; 1692.4 ; 20.1477 ; commTimer ; 1478.63 ; 1.55645 ; timeToSolveWatch ; 5378.42 ; 5378.42 ;
correctionTimer ; 240.354 ; 2.86136 ; setSolutionTimer ; 8.63349 ; 0.10278 ; cycleWatch ; 5233.83 ; 373.845 ; setupWatch ; 44.2761 ; 44.2761 ; restrictionTimer ; 293.492 ; 3.49395 ; preSmoothTimer ; 1759.16 ; 20.9424 ; upResidualTimer ; 640.858 ; 7.62926 ; postSmoothTimer ; 1697.71 ; 20.2109 ; commTimer ; 1467.07 ; 1.54428 ; timeToSolveWatch ; 5378.42 ; 5378.42 ;
correctionTimer ; 247.364 ; 2.94481 ; setSolutionTimer ; 8.86038 ; 0.105481 ; cycleWatch ; 5257.36 ; 375.525 ; setupWatch ; 44.2763 ; 44.2763 ; restrictionTimer ; 297.154 ; 3.53754 ; preSmoothTimer ; 1751.16 ; 20.8472 ; upResidualTimer ; 645.201 ; 7.68096 ; postSmoothTimer ; 1718.77 ; 20.4616 ; commTimer ; 1502.6 ; 1.58168 ; timeToSolveWatch ; 5378.42 ; 5378.42 ;
correctionTimer ; 247.265 ; 2.94363 ; setSolutionTimer ; 8.79344 ; 0.104684 ; cycleWatch ; 5266.59 ; 376.185 ; setupWatch ; 44.2186 ; 44.2186 ; restrictionTimer ; 295.486 ; 3.51769 ; preSmoothTimer ; 1753.83 ; 20.879 ; upResidualTimer ; 644.579 ; 7.67356 ; postSmoothTimer ; 1727.15 ; 20.5614 ; commTimer ; 1393.85 ; 1.46722 ; timeToSolveWatch ; 5378.42 ; 5378.42 ;
correctionTimer ; 247.248 ; 2.94343 ; setSolutionTimer ; 8.87229 ; 0.105622 ; cycleWatch ; 5267.11 ; 376.222 ; setupWatch ; 44.2071 ; 44.2071 ; restrictionTimer ; 293.598 ; 3.49522 ; preSmoothTimer ; 1750.75 ; 20.8422 ; upResidualTimer ; 649.489 ; 7.73201 ; postSmoothTimer ; 1729.08 ; 20.5843 ; commTimer ; 1403.46 ; 1.47733 ; timeToSolveWatch ; 5378.42 ; 5378.42 ;
correctionTimer ; 247.304 ; 2.94409 ; setSolutionTimer ; 8.5558 ; 0.101855 ; cycleWatch ; 5266.56 ; 376.183 ; setupWatch ; 44.3082 ; 44.3082 ; restrictionTimer ; 292.738 ; 3.48498 ; preSmoothTimer ; 1754.35 ; 20.8852 ; upResidualTimer ; 647.056 ; 7.70304 ; postSmoothTimer ; 1728.38 ; 20.576 ; commTimer ; 1407.08 ; 1.48114 ; timeToSolveWatch ; 5378.42 ; 5378.42 ;
correctionTimer ; 247.338 ; 2.9445 ; setSolutionTimer ; 8.97351 ; 0.106827 ; cycleWatch ; 5259.05 ; 375.646 ; setupWatch ; 44.2973 ; 44.2973 ; restrictionTimer ; 289.254 ; 3.4435 ; preSmoothTimer ; 1762.79 ; 20.9856 ; upResidualTimer ; 641.64 ; 7.63857 ; postSmoothTimer ; 1729.88 ; 20.5938 ; commTimer ; 1401.93 ; 1.47572 ; timeToSolveWatch ; 5378.42 ; 5378.42 ;
correctionTimer ; 247.489 ; 2.94629 ; setSolutionTimer ; 8.43878 ; 0.100462 ; cycleWatch ; 5260.92 ; 375.78 ; setupWatch ; 44.212 ; 44.212 ; restrictionTimer ; 291.905 ; 3.47506 ; preSmoothTimer ; 1741.83 ; 20.736 ; upResidualTimer ; 660.351 ; 7.86132 ; postSmoothTimer ; 1713.73 ; 20.4016 ; commTimer ; 1499.62 ; 1.57854 ; timeToSolveWatch ; 5378.42 ; 5378.42 ;
correctionTimer ; 241.182 ; 2.87122 ; setSolutionTimer ; 8.3783 ; 0.0997417 ; cycleWatch ; 5251.49 ; 375.107 ; setupWatch ; 44.2132 ; 44.2132 ; restrictionTimer ; 288.028 ; 3.42891 ; preSmoothTimer ; 1725.86 ; 20.5459 ; upResidualTimer ; 680.078 ; 8.09616 ; postSmoothTimer ; 1693.7 ; 20.1631 ; commTimer ; 1485.15 ; 1.56331 ; timeToSolveWatch ; 5378.42 ; 5378.42 ;
correctionTimer ; 240.432 ; 2.86228 ; setSolutionTimer ; 8.63652 ; 0.102816 ; cycleWatch ; 5236.16 ; 374.011 ; setupWatch ; 44.2465 ; 44.2465 ; restrictionTimer ; 293.62 ; 3.49547 ; preSmoothTimer ; 1760.76 ; 20.9615 ; upResidualTimer ; 639.253 ; 7.61015 ; postSmoothTimer ; 1695.53 ; 20.1849 ; commTimer ; 1465.8 ; 1.54294 ; timeToSolveWatch ; 5378.42 ; 5378.42 ;
correctionTimer ; 247.253 ; 2.94349 ; setSolutionTimer ; 8.9379 ; 0.106404 ; cycleWatch ; 5260.97 ; 375.783 ; setupWatch ; 44.2524 ; 44.2524 ; restrictionTimer ; 298.46 ; 3.55309 ; preSmoothTimer ; 1750.46 ; 20.8388 ; upResidualTimer ; 644.652 ; 7.67443 ; postSmoothTimer ; 1718.45 ; 20.4577 ; commTimer ; 1499.3 ; 1.57821 ; timeToSolveWatch ; 5378.42 ; 5378.42 ;
correctionTimer ; 247.332 ; 2.94443 ; setSolutionTimer ; 8.75445 ; 0.10422 ; cycleWatch ; 5268.8 ; 376.343 ; setupWatch ; 44.2564 ; 44.2564 ; restrictionTimer ; 295.146 ; 3.51365 ; preSmoothTimer ; 1753.31 ; 20.8728 ; upResidualTimer ; 645.61 ; 7.68584 ; postSmoothTimer ; 1731.68 ; 20.6153 ; commTimer ; 1390.41 ; 1.46359 ; timeToSolveWatch ; 5378.42 ; 5378.42 ;
correctionTimer ; 247.378 ; 2.94498 ; setSolutionTimer ; 8.86797 ; 0.105571 ; cycleWatch ; 5269.66 ; 376.404 ; setupWatch ; 44.1408 ; 44.1408 ; restrictionTimer ; 295.884 ; 3.52243 ; preSmoothTimer ; 1750.57 ; 20.8401 ; upResidualTimer ; 647.517 ; 7.70853 ; postSmoothTimer ; 1733.59 ; 20.6379 ; commTimer ; 1397.8 ; 1.47137 ; timeToSolveWatch ; 5378.42 ; 5378.42 ;
correctionTimer ; 247.364 ; 2.94481 ; setSolutionTimer ; 8.5744 ; 0.102076 ; cycleWatch ; 5267.76 ; 376.269 ; setupWatch ; 44.2041 ; 44.2041 ; restrictionTimer ; 294.271 ; 3.50322 ; preSmoothTimer ; 1756.97 ; 20.9163 ; upResidualTimer ; 642.987 ; 7.65461 ; postSmoothTimer ; 1729.88 ; 20.5938 ; commTimer ; 1396.97 ; 1.47049 ; timeToSolveWatch ; 5378.42 ; 5378.42 ;
correctionTimer ; 247.279 ; 2.94379 ; setSolutionTimer ; 9.12957 ; 0.108685 ; cycleWatch ; 5261.34 ; 375.81 ; setupWatch ; 44.1208 ; 44.1208 ; restrictionTimer ; 291.019 ; 3.46452 ; preSmoothTimer ; 1764.03 ; 21.0004 ; upResidualTimer ; 638.582 ; 7.60217 ; postSmoothTimer ; 1733.79 ; 20.6403 ; commTimer ; 1395.65 ; 1.46911 ; timeToSolveWatch ; 5378.42 ; 5378.42 ;
correctionTimer ; 247.543 ; 2.94694 ; setSolutionTimer ; 8.46446 ; 0.100767 ; cycleWatch ; 5262.02 ; 375.858 ; setupWatch ; 44.264 ; 44.264 ; restrictionTimer ; 291.199 ; 3.46665 ; preSmoothTimer ; 1742.69 ; 20.7464 ; upResidualTimer ; 660.311 ; 7.86085 ; postSmoothTimer ; 1713.93 ; 20.404 ; commTimer ; 1498.94 ; 1.57783 ; timeToSolveWatch ; 5378.42 ; 5378.42 ;
correctionTimer ; 241.408 ; 2.87391 ; setSolutionTimer ; 8.34972 ; 0.0994014 ; cycleWatch ; 5253.07 ; 375.219 ; setupWatch ; 44.3046 ; 44.3046 ; restrictionTimer ; 288.131 ; 3.43014 ; preSmoothTimer ; 1724.51 ; 20.5299 ; upResidualTimer ; 681.466 ; 8.11269 ; postSmoothTimer ; 1690.2 ; 20.1214 ; commTimer ; 1487.58 ; 1.56587 ; timeToSolveWatch ; 5378.42 ; 5378.42 ;
correctionTimer ; 240.28 ; 2.86047 ; setSolutionTimer ; 8.78135 ; 0.10454 ; cycleWatch ; 5235.54 ; 373.967 ; setupWatch ; 44.2377 ; 44.2377 ; restrictionTimer ; 293.311 ; 3.4918 ; preSmoothTimer ; 1757.98 ; 20.9284 ; upResidualTimer ; 642.252 ; 7.64586 ; postSmoothTimer ; 1697.36 ; 20.2067 ; commTimer ; 1470.53 ; 1.54792 ; timeToSolveWatch ; 5378.42 ; 5378.42 ;
correctionTimer ; 247.381 ; 2.94501 ; setSolutionTimer ; 8.90466 ; 0.106008 ; cycleWatch ; 5260.29 ; 375.735 ; setupWatch ; 44.1158 ; 44.1158 ; restrictionTimer ; 297.843 ; 3.54575 ; preSmoothTimer ; 1751.94 ; 20.8565 ; upResidualTimer ; 643.919 ; 7.66571 ; postSmoothTimer ; 1718.96 ; 20.4638 ; commTimer ; 1509.12 ; 1.58855 ; timeToSolveWatch ; 5378.42 ; 5378.42 ;
correctionTimer ; 247.288 ; 2.94391 ; setSolutionTimer ; 8.84624 ; 0.105312 ; cycleWatch ; 5269.89 ; 376.421 ; setupWatch ; 44.2538 ; 44.2538 ; restrictionTimer ; 294.955 ; 3.51136 ; preSmoothTimer ; 1756.46 ; 20.9102 ; upResidualTimer ; 642.679 ; 7.65094 ; postSmoothTimer ; 1728.98 ; 20.5831 ; commTimer ; 1405.91 ; 1.47991 ; timeToSolveWatch ; 5378.42 ; 5378.42 ;
correctionTimer ; 247.171 ; 2.94251 ; setSolutionTimer ; 8.86846 ; 0.105577 ; cycleWatch ; 5269.34 ; 376.382 ; setupWatch ; 43.9934 ; 43.9934 ; restrictionTimer ; 294.552 ; 3.50657 ; preSmoothTimer ; 1753.64 ; 20.8767 ; upResidualTimer ; 645.885 ; 7.68911 ; postSmoothTimer ; 1731.43 ; 20.6122 ; commTimer ; 1414.81 ; 1.48927 ; timeToSolveWatch ; 5378.42 ; 5378.42 ;
correctionTimer ; 247.434 ; 2.94565 ; setSolutionTimer ; 8.65924 ; 0.103086 ; cycleWatch ; 5268.83 ; 376.345 ; setupWatch ; 44.2197 ; 44.2197 ; restrictionTimer ; 292.753 ; 3.48515 ; preSmoothTimer ; 1758.05 ; 20.9292 ; upResidualTimer ; 643.323 ; 7.65861 ; postSmoothTimer ; 1727.4 ; 20.5643 ; commTimer ; 1406.52 ; 1.48055 ; timeToSolveWatch ; 5378.42 ; 5378.42 ;
correctionTimer ; 247.282 ; 2.94383 ; setSolutionTimer ; 8.94861 ; 0.106531 ; cycleWatch ; 5260.59 ; 375.756 ; setupWatch ; 44.1285 ; 44.1285 ; restrictionTimer ; 292.862 ; 3.48645 ; preSmoothTimer ; 1762.48 ; 20.9819 ; upResidualTimer ; 638.47 ; 7.60083 ; postSmoothTimer ; 1733.89 ; 20.6415 ; commTimer ; 1402.59 ; 1.47641 ; timeToSolveWatch ; 5378.42 ; 5378.42 ;
correctionTimer ; 247.477 ; 2.94616 ; setSolutionTimer ; 8.43943 ; 0.100469 ; cycleWatch ; 5262.05 ; 375.861 ; setupWatch ; 44.2511 ; 44.2511 ; restrictionTimer ; 290.848 ; 3.46247 ; preSmoothTimer ; 1741.19 ; 20.7285 ; upResidualTimer ; 662.105 ; 7.8822 ; postSmoothTimer ; 1713.54 ; 20.3993 ; commTimer ; 1501.25 ; 1.58026 ; timeToSolveWatch ; 5378.42 ; 5378.42 ;
correctionTimer ; 241.276 ; 2.87234 ; setSolutionTimer ; 8.40626 ; 0.100075 ; cycleWatch ; 5253.63 ; 375.259 ; setupWatch ; 44.2289 ; 44.2289 ; restrictionTimer ; 288.788 ; 3.43795 ; preSmoothTimer ; 1723.3 ; 20.5155 ; upResidualTimer ; 681.9 ; 8.11786 ; postSmoothTimer ; 1690.81 ; 20.1286 ; commTimer ; 1490.91 ; 1.56938 ; timeToSolveWatch ; 5378.42 ; 5378.42 ;
correctionTimer ; 240.189 ; 2.85939 ; setSolutionTimer ; 8.68673 ; 0.103414 ; cycleWatch ; 5235.19 ; 373.942 ; setupWatch ; 44.2405 ; 44.2405 ; restrictionTimer ; 291.609 ; 3.47154 ; preSmoothTimer ; 1760.55 ; 20.959 ; upResidualTimer ; 641.461 ; 7.63644 ; postSmoothTimer ; 1697.18 ; 20.2045 ; commTimer ; 1465.12 ; 1.54223 ; timeToSolveWatch ; 5378.42 ; 5378.42 ;
correctionTimer ; 247.328 ; 2.94438 ; setSolutionTimer ; 8.87679 ; 0.105676 ; cycleWatch ; 5260.71 ; 375.765 ; setupWatch ; 44.2348 ; 44.2348 ; restrictionTimer ; 296.987 ; 3.53555 ; preSmoothTimer ; 1752.58 ; 20.8641 ; upResidualTimer ; 644.198 ; 7.66903 ; postSmoothTimer ; 1718.25 ; 20.4553 ; commTimer ; 1499.23 ; 1.57813 ; timeToSolveWatch ; 5378.42 ; 5378.42 ;
correctionTimer ; 247.209 ; 2.94297 ; setSolutionTimer ; 8.84608 ; 0.10531 ; cycleWatch ; 5269.14 ; 376.367 ; setupWatch ; 44.3214 ; 44.3214 ; restrictionTimer ; 295.106 ; 3.51316 ; preSmoothTimer ; 1755.03 ; 20.8932 ; upResidualTimer ; 643.904 ; 7.66552 ; postSmoothTimer ; 1731.05 ; 20.6078 ; commTimer ; 1393.14 ; 1.46646 ; timeToSolveWatch ; 5378.42 ; 5378.42 ;
correctionTimer ; 247.221 ; 2.9431 ; setSolutionTimer ; 8.82925 ; 0.10511 ; cycleWatch ; 5267.09 ; 376.221 ; setupWatch ; 44.3176 ; 44.3176 ; restrictionTimer ; 293.642 ; 3.49574 ; preSmoothTimer ; 1754.15 ; 20.8828 ; upResidualTimer ; 646.308 ; 7.69414 ; postSmoothTimer ; 1730.3 ; 20.5988 ; commTimer ; 1400.62 ; 1.47434 ; timeToSolveWatch ; 5378.42 ; 5378.42 ;
correctionTimer ; 247.526 ; 2.94673 ; setSolutionTimer ; 8.56291 ; 0.101939 ; cycleWatch ; 5267.03 ; 376.216 ; setupWatch ; 44.1522 ; 44.1522 ; restrictionTimer ; 293.022 ; 3.48835 ; preSmoothTimer ; 1755.64 ; 20.9005 ; upResidualTimer ; 645.681 ; 7.68668 ; postSmoothTimer ; 1726.48 ; 20.5533 ; commTimer ; 1396.98 ; 1.4705 ; timeToSolveWatch ; 5378.42 ; 5378.42 ;
correctionTimer ; 247.124 ; 2.94195 ; setSolutionTimer ; 8.93482 ; 0.106367 ; cycleWatch ; 5261.94 ; 375.853 ; setupWatch ; 44.1587 ; 44.1587 ; restrictionTimer ; 292.372 ; 3.48062 ; preSmoothTimer ; 1758.87 ; 20.9389 ; upResidualTimer ; 642.74 ; 7.65167 ; postSmoothTimer ; 1729.8 ; 20.5929 ; commTimer ; 1396.51 ; 1.47001 ; timeToSolveWatch ; 5378.42 ; 5378.42 ;
correctionTimer ; 247.508 ; 2.94652 ; setSolutionTimer ; 8.41714 ; 0.100204 ; cycleWatch ; 5261.5 ; 375.821 ; setupWatch ; 44.2182 ; 44.2182 ; restrictionTimer ; 291.374 ; 3.46874 ; preSmoothTimer ; 1740.62 ; 20.7217 ; upResidualTimer ; 662.372 ; 7.88538 ; postSmoothTimer ; 1711.87 ; 20.3794 ; commTimer ; 1491.78 ; 1.5703 ; timeToSolveWatch ; 5378.42 ; 5378.42 ;
correctionTimer ; 241.539 ; 2.87547 ; setSolutionTimer ; 8.44199 ; 0.1005 ; cycleWatch ; 5253.08 ; 375.22 ; setupWatch ; 44.0992 ; 44.0992 ; restrictionTimer ; 288.879 ; 3.43903 ; preSmoothTimer ; 1723.79 ; 20.5213 ; upResidualTimer ; 681.486 ; 8.11293 ; postSmoothTimer ; 1692.12 ; 20.1443 ; commTimer ; 1480.7 ; 1.55863 ; timeToSolveWatch ; 5378.42 ; 5378.42 ;
correctionTimer ; 238.138 ; 2.83497 ; setSolutionTimer ; 8.64513 ; 0.102918 ; cycleWatch ; 5227.21 ; 373.372 ; setupWatch ; 44.283 ; 44.283 ; restrictionTimer ; 295.579 ; 3.5188 ; preSmoothTimer ; 1758.37 ; 20.9329 ; upResidualTimer ; 639.435 ; 7.61232 ; postSmoothTimer ; 1691.03 ; 20.1314 ; commTimer ; 1477.13 ; 1.55487 ; timeToSolveWatch ; 5378.42 ; 5378.42 ;
correctionTimer ; 244.998 ; 2.91664 ; setSolutionTimer ; 8.76705 ; 0.10437 ; cycleWatch ; 5250.66 ; 375.047 ; setupWatch ; 44.2988 ; 44.2988 ; restrictionTimer ; 298.231 ; 3.55037 ; preSmoothTimer ; 1750.18 ; 20.8355 ; upResidualTimer ; 645.104 ; 7.67981 ; postSmoothTimer ; 1710.42 ; 20.3622 ; commTimer ; 1508.59 ; 1.58799 ; timeToSolveWatch ; 5378.42 ; 5378.42 ;
correctionTimer ; 245.069 ; 2.91749 ; setSolutionTimer ; 8.69414 ; 0.103502 ; cycleWatch ; 5259.83 ; 375.702 ; setupWatch ; 44.2211 ; 44.2211 ; restrictionTimer ; 293.122 ; 3.48955 ; preSmoothTimer ; 1752.25 ; 20.8602 ; upResidualTimer ; 648.531 ; 7.7206 ; postSmoothTimer ; 1724.28 ; 20.5271 ; commTimer ; 1413.71 ; 1.48811 ; timeToSolveWatch ; 5378.42 ; 5378.42 ;
correctionTimer ; 244.89 ; 2.91536 ; setSolutionTimer ; 8.70676 ; 0.103652 ; cycleWatch ; 5256.88 ; 375.491 ; setupWatch ; 44.2407 ; 44.2407 ; restrictionTimer ; 294.26 ; 3.5031 ; preSmoothTimer ; 1749.57 ; 20.8282 ; upResidualTimer ; 650.079 ; 7.73903 ; postSmoothTimer ; 1723.26 ; 20.515 ; commTimer ; 1420.07 ; 1.49481 ; timeToSolveWatch ; 5378.42 ; 5378.42 ;
correctionTimer ; 244.989 ; 2.91654 ; setSolutionTimer ; 8.45191 ; 0.100618 ; cycleWatch ; 5256.5 ; 375.464 ; setupWatch ; 44.0589 ; 44.0589 ; restrictionTimer ; 293.496 ; 3.494 ; preSmoothTimer ; 1751.74 ; 20.8541 ; upResidualTimer ; 648.915 ; 7.72518 ; postSmoothTimer ; 1718.04 ; 20.4528 ; commTimer ; 1417.14 ; 1.49173 ; timeToSolveWatch ; 5378.42 ; 5378.42 ;
correctionTimer ; 244.905 ; 2.91554 ; setSolutionTimer ; 8.8075 ; 0.104851 ; cycleWatch ; 5251.69 ; 375.121 ; setupWatch ; 44.2233 ; 44.2233 ; restrictionTimer ; 293.65 ; 3.49584 ; preSmoothTimer ; 1754.75 ; 20.8899 ; upResidualTimer ; 645.383 ; 7.68313 ; postSmoothTimer ; 1718.77 ; 20.4615 ; commTimer ; 1418 ; 1.49263 ; timeToSolveWatch ; 5378.42 ; 5378.42 ;
correctionTimer ; 245.105 ; 2.91792 ; setSolutionTimer ; 8.29748 ; 0.0987795 ; cycleWatch ; 5252.95 ; 375.211 ; setupWatch ; 44.2556 ; 44.2556 ; restrictionTimer ; 291.564 ; 3.471 ; preSmoothTimer ; 1738.11 ; 20.6918 ; upResidualTimer ; 664.484 ; 7.91052 ; postSmoothTimer ; 1703.93 ; 20.2849 ; commTimer ; 1503.12 ; 1.58223 ; timeToSolveWatch ; 5378.42 ; 5378.42 ;
correctionTimer ; 239.129 ; 2.84677 ; setSolutionTimer ; 8.35283 ; 0.0994385 ; cycleWatch ; 5243.78 ; 374.556 ; setupWatch ; 44.2378 ; 44.2378 ; restrictionTimer ; 288.749 ; 3.43749 ; preSmoothTimer ; 1723.59 ; 20.5189 ; upResidualTimer ; 681.602 ; 8.11431 ; postSmoothTimer ; 1687.81 ; 20.0929 ; commTimer ; 1498.22 ; 1.57707 ; timeToSolveWatch ; 5378.42 ; 5378.42 ;
correctionTimer ; 237.907 ; 2.83223 ; setSolutionTimer ; 8.76337 ; 0.104326 ; cycleWatch ; 5211.18 ; 372.227 ; setupWatch ; 44.2213 ; 44.2213 ; restrictionTimer ; 293.793 ; 3.49753 ; preSmoothTimer ; 1755.17 ; 20.8948 ; upResidualTimer ; 643.513 ; 7.66087 ; postSmoothTimer ; 1682.62 ; 20.0312 ; commTimer ; 1482.29 ; 1.56031 ; timeToSolveWatch ; 5378.42 ; 5378.42 ;
correctionTimer ; 245.068 ; 2.91747 ; setSolutionTimer ; 8.75178 ; 0.104188 ; cycleWatch ; 5237.22 ; 374.087 ; setupWatch ; 44.2255 ; 44.2255 ; restrictionTimer ; 297.808 ; 3.54533 ; preSmoothTimer ; 1750.94 ; 20.8445 ; upResidualTimer ; 644.133 ; 7.66825 ; postSmoothTimer ; 1704.15 ; 20.2874 ; commTimer ; 1511.69 ; 1.59126 ; timeToSolveWatch ; 5378.42 ; 5378.42 ;
correctionTimer ; 244.784 ; 2.9141 ; setSolutionTimer ; 8.69209 ; 0.103477 ; cycleWatch ; 5241.53 ; 374.395 ; setupWatch ; 44.2222 ; 44.2222 ; restrictionTimer ; 294.184 ; 3.50219 ; preSmoothTimer ; 1757.47 ; 20.9222 ; upResidualTimer ; 641.626 ; 7.6384 ; postSmoothTimer ; 1712.54 ; 20.3873 ; commTimer ; 1405.31 ; 1.47928 ; timeToSolveWatch ; 5378.42 ; 5378.42 ;
correctionTimer ; 244.852 ; 2.91491 ; setSolutionTimer ; 8.60249 ; 0.102411 ; cycleWatch ; 5244.54 ; 374.61 ; setupWatch ; 44.1577 ; 44.1577 ; restrictionTimer ; 294.549 ; 3.50654 ; preSmoothTimer ; 1751.93 ; 20.8564 ; upResidualTimer ; 646.881 ; 7.70096 ; postSmoothTimer ; 1713.9 ; 20.4036 ; commTimer ; 1413.91 ; 1.48833 ; timeToSolveWatch ; 5378.42 ; 5378.42 ;
correctionTimer ; 244.986 ; 2.9165 ; setSolutionTimer ; 8.48491 ; 0.101011 ; cycleWatch ; 5246.47 ; 374.748 ; setupWatch ; 44.1734 ; 44.1734 ; restrictionTimer ; 293.028 ; 3.48843 ; preSmoothTimer ; 1756.29 ; 20.9082 ; upResidualTimer ; 644.23 ; 7.66941 ; postSmoothTimer ; 1712.53 ; 20.3873 ; commTimer ; 1406.65 ; 1.48068 ; timeToSolveWatch ; 5378.42 ; 5378.42 ;
correctionTimer ; 244.76 ; 2.91381 ; setSolutionTimer ; 8.80495 ; 0.104821 ; cycleWatch ; 5241.16 ; 374.368 ; setupWatch ; 44.1907 ; 44.1907 ; restrictionTimer ; 293.613 ; 3.4954 ; preSmoothTimer ; 1756.66 ; 20.9126 ; upResidualTimer ; 642.894 ; 7.6535 ; postSmoothTimer ; 1716.57 ; 20.4354 ; commTimer ; 1410.6 ; 1.48484 ; timeToSolveWatch ; 5378.42 ; 5378.42 ;
correctionTimer ; 245.061 ; 2.91739 ; setSolutionTimer ; 8.27838 ; 0.0985522 ; cycleWatch ; 5243.28 ; 374.52 ; setupWatch ; 44.2133 ; 44.2133 ; restrictionTimer ; 292.932 ; 3.48728 ; preSmoothTimer ; 1739.58 ; 20.7093 ; upResidualTimer ; 660.958 ; 7.86855 ; postSmoothTimer ; 1698.51 ; 20.2204 ; commTimer ; 1514.12 ; 1.59381 ; timeToSolveWatch ; 5378.42 ; 5378.42 ;
correctionTimer ; 238.979 ; 2.84498 ; setSolutionTimer ; 8.31163 ; 0.098948 ; cycleWatch ; 5234.72 ; 373.909 ; setupWatch ; 44.1468 ; 44.1468 ; restrictionTimer ; 292.151 ; 3.47798 ; preSmoothTimer ; 1719.05 ; 20.4649 ; upResidualTimer ; 681.932 ; 8.11824 ; postSmoothTimer ; 1675.07 ; 19.9414 ; commTimer ; 1508.25 ; 1.58763 ; timeToSolveWatch ; 5378.42 ; 5378.42 ;
correctionTimer ; 240.338 ; 2.86117 ; setSolutionTimer ; 8.75391 ; 0.104213 ; cycleWatch ; 5228.44 ; 373.46 ; setupWatch ; 44.2261 ; 44.2261 ; restrictionTimer ; 290.822 ; 3.46217 ; preSmoothTimer ; 1759.9 ; 20.9512 ; upResidualTimer ; 642.233 ; 7.64563 ; postSmoothTimer ; 1697.1 ; 20.2036 ; commTimer ; 1458.82 ; 1.5356 ; timeToSolveWatch ; 5378.42 ; 5378.42 ;
correctionTimer ; 247.392 ; 2.94514 ; setSolutionTimer ; 8.79802 ; 0.104738 ; cycleWatch ; 5251.48 ; 375.106 ; setupWatch ; 44.1637 ; 44.1637 ; restrictionTimer ; 295.698 ; 3.52022 ; preSmoothTimer ; 1753.71 ; 20.8775 ; upResidualTimer ; 643.896 ; 7.66543 ; postSmoothTimer ; 1716.9 ; 20.4393 ; commTimer ; 1490.62 ; 1.56907 ; timeToSolveWatch ; 5378.42 ; 5378.42 ;
correctionTimer ; 247.292 ; 2.94395 ; setSolutionTimer ; 8.80923 ; 0.104872 ; cycleWatch ; 5256.95 ; 375.496 ; setupWatch ; 44.1867 ; 44.1867 ; restrictionTimer ; 292.89 ; 3.48678 ; preSmoothTimer ; 1758.97 ; 20.9401 ; upResidualTimer ; 641.78 ; 7.64024 ; postSmoothTimer ; 1724.92 ; 20.5348 ; commTimer ; 1392.48 ; 1.46577 ; timeToSolveWatch ; 5378.42 ; 5378.42 ;
correctionTimer ; 247.183 ; 2.94266 ; setSolutionTimer ; 8.76205 ; 0.10431 ; cycleWatch ; 5259.56 ; 375.683 ; setupWatch ; 44.1997 ; 44.1997 ; restrictionTimer ; 293.285 ; 3.49149 ; preSmoothTimer ; 1755.56 ; 20.8996 ; upResidualTimer ; 644.81 ; 7.67631 ; postSmoothTimer ; 1726.67 ; 20.5556 ; commTimer ; 1402.37 ; 1.47618 ; timeToSolveWatch ; 5378.42 ; 5378.42 ;
correctionTimer ; 247.388 ; 2.9451 ; setSolutionTimer ; 8.5786 ; 0.102126 ; cycleWatch ; 5261.32 ; 375.808 ; setupWatch ; 44.2078 ; 44.2078 ; restrictionTimer ; 291.93 ; 3.47536 ; preSmoothTimer ; 1758.32 ; 20.9324 ; upResidualTimer ; 643.693 ; 7.66301 ; postSmoothTimer ; 1724.29 ; 20.5272 ; commTimer ; 1395.56 ; 1.46901 ; timeToSolveWatch ; 5378.42 ; 5378.42 ;
correctionTimer ; 247.162 ; 2.94241 ; setSolutionTimer ; 8.94555 ; 0.106495 ; cycleWatch ; 5255.8 ; 375.414 ; setupWatch ; 44.2253 ; 44.2253 ; restrictionTimer ; 292.167 ; 3.47818 ; preSmoothTimer ; 1760.49 ; 20.9582 ; upResidualTimer ; 640.862 ; 7.62931 ; postSmoothTimer ; 1729.98 ; 20.595 ; commTimer ; 1395.91 ; 1.46938 ; timeToSolveWatch ; 5378.42 ; 5378.42 ;
correctionTimer ; 247.725 ; 2.94911 ; setSolutionTimer ; 8.37554 ; 0.0997088 ; cycleWatch ; 5257.55 ; 375.539 ; setupWatch ; 44.263 ; 44.263 ; restrictionTimer ; 292.032 ; 3.47657 ; preSmoothTimer ; 1742.39 ; 20.7427 ; upResidualTimer ; 659.437 ; 7.85044 ; postSmoothTimer ; 1710.85 ; 20.3672 ; commTimer ; 1497.7 ; 1.57652 ; timeToSolveWatch ; 5378.42 ; 5378.42 ;
correctionTimer ; 241.151 ; 2.87085 ; setSolutionTimer ; 8.43565 ; 0.100424 ; cycleWatch ; 5249.17 ; 374.941 ; setupWatch ; 44.2781 ; 44.2781 ; restrictionTimer ; 289.544 ; 3.44695 ; preSmoothTimer ; 1724.27 ; 20.527 ; upResidualTimer ; 679.674 ; 8.09136 ; postSmoothTimer ; 1690.76 ; 20.1281 ; commTimer ; 1486.82 ; 1.56507 ; timeToSolveWatch ; 5378.42 ; 5378.42 ;
correctionTimer ; 240.441 ; 2.8624 ; setSolutionTimer ; 8.59111 ; 0.102275 ; cycleWatch ; 5230.19 ; 373.585 ; setupWatch ; 43.99 ; 43.99 ; restrictionTimer ; 291.671 ; 3.47228 ; preSmoothTimer ; 1759.32 ; 20.9443 ; upResidualTimer ; 642.42 ; 7.64786 ; postSmoothTimer ; 1696.94 ; 20.2016 ; commTimer ; 1461.45 ; 1.53837 ; timeToSolveWatch ; 5378.42 ; 5378.42 ;
correctionTimer ; 247.387 ; 2.94509 ; setSolutionTimer ; 8.81403 ; 0.104929 ; cycleWatch ; 5253.67 ; 375.262 ; setupWatch ; 44.2457 ; 44.2457 ; restrictionTimer ; 295.979 ; 3.52356 ; preSmoothTimer ; 1752.6 ; 20.8642 ; upResidualTimer ; 644.87 ; 7.67702 ; postSmoothTimer ; 1716.96 ; 20.4401 ; commTimer ; 1495.43 ; 1.57414 ; timeToSolveWatch ; 5378.42 ; 5378.42 ;
correctionTimer ; 247.078 ; 2.94141 ; setSolutionTimer ; 8.79806 ; 0.104739 ; cycleWatch ; 5263.65 ; 375.975 ; setupWatch ; 44.159 ; 44.159 ; restrictionTimer ; 293.289 ; 3.49154 ; preSmoothTimer ; 1756.5 ; 20.9107 ; upResidualTimer ; 643.962 ; 7.66621 ; postSmoothTimer ; 1724.96 ; 20.5352 ; commTimer ; 1393.74 ; 1.46709 ; timeToSolveWatch ; 5378.42 ; 5378.42 ;
correctionTimer ; 247.16 ; 2.94238 ; setSolutionTimer ; 8.83644 ; 0.105196 ; cycleWatch ; 5263.13 ; 375.938 ; setupWatch ; 44.0516 ; 44.0516 ; restrictionTimer ; 293.874 ; 3.4985 ; preSmoothTimer ; 1754.72 ; 20.8895 ; upResidualTimer ; 645.132 ; 7.68014 ; postSmoothTimer ; 1728.2 ; 20.5738 ; commTimer ; 1401.18 ; 1.47493 ; timeToSolveWatch ; 5378.42 ; 5378.42 ;
correctionTimer ; 247.467 ; 2.94604 ; setSolutionTimer ; 8.64618 ; 0.102931 ; cycleWatch ; 5264.12 ; 376.009 ; setupWatch ; 44.2918 ; 44.2918 ; restrictionTimer ; 290.802 ; 3.46193 ; preSmoothTimer ; 1758.27 ; 20.9318 ; upResidualTimer ; 644.859 ; 7.67689 ; postSmoothTimer ; 1726.87 ; 20.558 ; commTimer ; 1398.3 ; 1.4719 ; timeToSolveWatch ; 5378.42 ; 5378.42 ;
correctionTimer ; 247.077 ; 2.9414 ; setSolutionTimer ; 8.92387 ; 0.106236 ; cycleWatch ; 5257.21 ; 375.515 ; setupWatch ; 44.2625 ; 44.2625 ; restrictionTimer ; 291.823 ; 3.47408 ; preSmoothTimer ; 1762.02 ; 20.9765 ; upResidualTimer ; 639.787 ; 7.61651 ; postSmoothTimer ; 1729.71 ; 20.5918 ; commTimer ; 1396.81 ; 1.47033 ; timeToSolveWatch ; 5378.42 ; 5378.42 ;
correctionTimer ; 247.462 ; 2.94598 ; setSolutionTimer ; 8.35572 ; 0.0994729 ; cycleWatch ; 5259.61 ; 375.686 ; setupWatch ; 44.0952 ; 44.0952 ; restrictionTimer ; 290.759 ; 3.46142 ; preSmoothTimer ; 1741.56 ; 20.7328 ; upResidualTimer ; 661.755 ; 7.87803 ; postSmoothTimer ; 1711.54 ; 20.3755 ; commTimer ; 1497.25 ; 1.57605 ; timeToSolveWatch ; 5378.42 ; 5378.42 ;
correctionTimer ; 241.172 ; 2.87109 ; setSolutionTimer ; 8.39178 ; 0.0999021 ; cycleWatch ; 5250.43 ; 375.031 ; setupWatch ; 44.0947 ; 44.0947 ; restrictionTimer ; 289.045 ; 3.44102 ; preSmoothTimer ; 1723.06 ; 20.5126 ; upResidualTimer ; 681.666 ; 8.11507 ; postSmoothTimer ; 1691.85 ; 20.141 ; commTimer ; 1485.66 ; 1.56385 ; timeToSolveWatch ; 5378.42 ; 5378.42 ;
correctionTimer ; 240.189 ; 2.85939 ; setSolutionTimer ; 8.57975 ; 0.10214 ; cycleWatch ; 5232.83 ; 373.773 ; setupWatch ; 44.2507 ; 44.2507 ; restrictionTimer ; 292.552 ; 3.48277 ; preSmoothTimer ; 1760.07 ; 20.9532 ; upResidualTimer ; 640.924 ; 7.63004 ; postSmoothTimer ; 1697.33 ; 20.2063 ; commTimer ; 1471.86 ; 1.54933 ; timeToSolveWatch ; 5378.42 ; 5378.42 ;
correctionTimer ; 247.343 ; 2.94456 ; setSolutionTimer ; 9.10687 ; 0.108415 ; cycleWatch ; 5256.6 ; 375.471 ; setupWatch ; 44.284 ; 44.284 ; restrictionTimer ; 296.669 ; 3.53177 ; preSmoothTimer ; 1751.36 ; 20.8495 ; upResidualTimer ; 645.209 ; 7.68106 ; postSmoothTimer ; 1718.55 ; 20.459 ; commTimer ; 1507.98 ; 1.58734 ; timeToSolveWatch ; 5378.42 ; 5378.42 ;
correctionTimer ; 247.338 ; 2.94449 ; setSolutionTimer ; 8.70996 ; 0.10369 ; cycleWatch ; 5266.07 ; 376.148 ; setupWatch ; 44.2551 ; 44.2551 ; restrictionTimer ; 294.989 ; 3.51177 ; preSmoothTimer ; 1754.2 ; 20.8833 ; upResidualTimer ; 644.828 ; 7.67652 ; postSmoothTimer ; 1726.7 ; 20.5559 ; commTimer ; 1398.55 ; 1.47216 ; timeToSolveWatch ; 5378.42 ; 5378.42 ;
correctionTimer ; 247.189 ; 2.94272 ; setSolutionTimer ; 8.86954 ; 0.10559 ; cycleWatch ; 5266.23 ; 376.16 ; setupWatch ; 44.201 ; 44.201 ; restrictionTimer ; 293.93 ; 3.49917 ; preSmoothTimer ; 1751.02 ; 20.8454 ; upResidualTimer ; 648.872 ; 7.72467 ; postSmoothTimer ; 1728.74 ; 20.5802 ; commTimer ; 1408.46 ; 1.48259 ; timeToSolveWatch ; 5378.42 ; 5378.42 ;
correctionTimer ; 247.378 ; 2.94497 ; setSolutionTimer ; 8.47004 ; 0.100834 ; cycleWatch ; 5266.05 ; 376.146 ; setupWatch ; 44.1524 ; 44.1524 ; restrictionTimer ; 291.823 ; 3.47408 ; preSmoothTimer ; 1755 ; 20.8928 ; upResidualTimer ; 647.467 ; 7.70794 ; postSmoothTimer ; 1727.71 ; 20.5679 ; commTimer ; 1411.3 ; 1.48558 ; timeToSolveWatch ; 5378.42 ; 5378.42 ;
correctionTimer ; 247.246 ; 2.9434 ; setSolutionTimer ; 8.96552 ; 0.106732 ; cycleWatch ; 5258.8 ; 375.628 ; setupWatch ; 44.0996 ; 44.0996 ; restrictionTimer ; 289.677 ; 3.44854 ; preSmoothTimer ; 1762.43 ; 20.9813 ; upResidualTimer ; 641.633 ; 7.63849 ; postSmoothTimer ; 1729.65 ; 20.591 ; commTimer ; 1406.12 ; 1.48012 ; timeToSolveWatch ; 5378.42 ; 5378.42 ;
correctionTimer ; 247.6 ; 2.94762 ; setSolutionTimer ; 8.49447 ; 0.101125 ; cycleWatch ; 5260.97 ; 375.783 ; setupWatch ; 44.2434 ; 44.2434 ; restrictionTimer ; 291.245 ; 3.46721 ; preSmoothTimer ; 1742.13 ; 20.7396 ; upResidualTimer ; 660.708 ; 7.86558 ; postSmoothTimer ; 1712.88 ; 20.3914 ; commTimer ; 1504.25 ; 1.58342 ; timeToSolveWatch ; 5378.42 ; 5378.42 ;
correctionTimer ; 241.174 ; 2.87112 ; setSolutionTimer ; 8.49139 ; 0.101088 ; cycleWatch ; 5250.92 ; 375.066 ; setupWatch ; 44.1236 ; 44.1236 ; restrictionTimer ; 289.103 ; 3.4417 ; preSmoothTimer ; 1724.59 ; 20.5308 ; upResidualTimer ; 680.108 ; 8.09652 ; postSmoothTimer ; 1692.92 ; 20.1539 ; commTimer ; 1490.6 ; 1.56905 ; timeToSolveWatch ; 5378.42 ; 5378.42 ;
correctionTimer ; 240.299 ; 2.8607 ; setSolutionTimer ; 8.62246 ; 0.102648 ; cycleWatch ; 5235.44 ; 373.96 ; setupWatch ; 44.1646 ; 44.1646 ; restrictionTimer ; 292.362 ; 3.4805 ; preSmoothTimer ; 1760.89 ; 20.963 ; upResidualTimer ; 640.321 ; 7.62287 ; postSmoothTimer ; 1695.7 ; 20.1869 ; commTimer ; 1470.44 ; 1.54783 ; timeToSolveWatch ; 5378.42 ; 5378.42 ;
correctionTimer ; 247.345 ; 2.94459 ; setSolutionTimer ; 8.94452 ; 0.106482 ; cycleWatch ; 5260.02 ; 375.716 ; setupWatch ; 44.2688 ; 44.2688 ; restrictionTimer ; 297.909 ; 3.54653 ; preSmoothTimer ; 1750.62 ; 20.8407 ; upResidualTimer ; 645.03 ; 7.67893 ; postSmoothTimer ; 1718.32 ; 20.4562 ; commTimer ; 1503.72 ; 1.58286 ; timeToSolveWatch ; 5378.42 ; 5378.42 ;
correctionTimer ; 247.032 ; 2.94086 ; setSolutionTimer ; 8.79218 ; 0.104669 ; cycleWatch ; 5268.1 ; 376.293 ; setupWatch ; 44.2263 ; 44.2263 ; restrictionTimer ; 295.336 ; 3.51591 ; preSmoothTimer ; 1753.04 ; 20.8695 ; upResidualTimer ; 645.613 ; 7.68587 ; postSmoothTimer ; 1731.25 ; 20.6101 ; commTimer ; 1395.55 ; 1.469 ; timeToSolveWatch ; 5378.42 ; 5378.42 ;
correctionTimer ; 247.189 ; 2.94272 ; setSolutionTimer ; 8.78085 ; 0.104534 ; cycleWatch ; 5269.05 ; 376.361 ; setupWatch ; 44.2414 ; 44.2414 ; restrictionTimer ; 295.003 ; 3.51194 ; preSmoothTimer ; 1751.05 ; 20.8458 ; upResidualTimer ; 647.948 ; 7.71366 ; postSmoothTimer ; 1733.34 ; 20.6349 ; commTimer ; 1403.14 ; 1.47699 ; timeToSolveWatch ; 5378.42 ; 5378.42 ;
correctionTimer ; 247.175 ; 2.94256 ; setSolutionTimer ; 8.49406 ; 0.10112 ; cycleWatch ; 5267.24 ; 376.231 ; setupWatch ; 44.2412 ; 44.2412 ; restrictionTimer ; 293.486 ; 3.49388 ; preSmoothTimer ; 1757.32 ; 20.9204 ; upResidualTimer ; 643.49 ; 7.6606 ; postSmoothTimer ; 1729.78 ; 20.5927 ; commTimer ; 1402.31 ; 1.47612 ; timeToSolveWatch ; 5378.42 ; 5378.42 ;
correctionTimer ; 247.365 ; 2.94482 ; setSolutionTimer ; 8.99066 ; 0.107032 ; cycleWatch ; 5260.87 ; 375.776 ; setupWatch ; 43.8614 ; 43.8614 ; restrictionTimer ; 290.601 ; 3.45954 ; preSmoothTimer ; 1764.09 ; 21.0011 ; upResidualTimer ; 639.017 ; 7.60735 ; postSmoothTimer ; 1733.1 ; 20.6321 ; commTimer ; 1402.01 ; 1.4758 ; timeToSolveWatch ; 5378.42 ; 5378.42 ;
correctionTimer ; 247.29 ; 2.94393 ; setSolutionTimer ; 8.45815 ; 0.100692 ; cycleWatch ; 5261.81 ; 375.844 ; setupWatch ; 44.3268 ; 44.3268 ; restrictionTimer ; 290.708 ; 3.4608 ; preSmoothTimer ; 1743.24 ; 20.7528 ; upResidualTimer ; 660.226 ; 7.85984 ; postSmoothTimer ; 1713.77 ; 20.402 ; commTimer ; 1504.55 ; 1.58373 ; timeToSolveWatch ; 5378.42 ; 5378.42 ;
correctionTimer ; 241.101 ; 2.87024 ; setSolutionTimer ; 8.45227 ; 0.100622 ; cycleWatch ; 5252.89 ; 375.207 ; setupWatch ; 44.3358 ; 44.3358 ; restrictionTimer ; 288.167 ; 3.43056 ; preSmoothTimer ; 1723.97 ; 20.5234 ; upResidualTimer ; 681.846 ; 8.11722 ; postSmoothTimer ; 1689.92 ; 20.1181 ; commTimer ; 1492.5 ; 1.57105 ; timeToSolveWatch ; 5378.42 ; 5378.42 ;
correctionTimer ; 240.439 ; 2.86237 ; setSolutionTimer ; 8.67679 ; 0.103295 ; cycleWatch ; 5234.56 ; 373.897 ; setupWatch ; 44.3002 ; 44.3002 ; restrictionTimer ; 292.687 ; 3.48437 ; preSmoothTimer ; 1758.69 ; 20.9368 ; upResidualTimer ; 642.201 ; 7.64525 ; postSmoothTimer ; 1696.7 ; 20.1989 ; commTimer ; 1475.07 ; 1.55271 ; timeToSolveWatch ; 5378.42 ; 5378.42 ;
correctionTimer ; 247.4 ; 2.94524 ; setSolutionTimer ; 8.89583 ; 0.105903 ; cycleWatch ; 5260.49 ; 375.749 ; setupWatch ; 44.3123 ; 44.3123 ; restrictionTimer ; 297.122 ; 3.53717 ; preSmoothTimer ; 1752.48 ; 20.8629 ; upResidualTimer ; 644.085 ; 7.66768 ; postSmoothTimer ; 1718.72 ; 20.4609 ; commTimer ; 1512.72 ; 1.59234 ; timeToSolveWatch ; 5378.42 ; 5378.42 ;
correctionTimer ; 247.301 ; 2.94406 ; setSolutionTimer ; 8.80743 ; 0.10485 ; cycleWatch ; 5269.38 ; 376.384 ; setupWatch ; 44.2307 ; 44.2307 ; restrictionTimer ; 294.323 ; 3.50384 ; preSmoothTimer ; 1756.94 ; 20.916 ; upResidualTimer ; 642.793 ; 7.6523 ; postSmoothTimer ; 1728.54 ; 20.5779 ; commTimer ; 1410.95 ; 1.48521 ; timeToSolveWatch ; 5378.42 ; 5378.42 ;
correctionTimer ; 247.119 ; 2.9419 ; setSolutionTimer ; 8.73375 ; 0.103973 ; cycleWatch ; 5268.8 ; 376.343 ; setupWatch ; 44.1838 ; 44.1838 ; restrictionTimer ; 294.968 ; 3.51152 ; preSmoothTimer ; 1753.92 ; 20.8801 ; upResidualTimer ; 645.202 ; 7.68098 ; postSmoothTimer ; 1730.91 ; 20.6061 ; commTimer ; 1420.85 ; 1.49564 ; timeToSolveWatch ; 5378.42 ; 5378.42 ;
correctionTimer ; 247.31 ; 2.94417 ; setSolutionTimer ; 8.63992 ; 0.102856 ; cycleWatch ; 5268.33 ; 376.309 ; setupWatch ; 44.2108 ; 44.2108 ; restrictionTimer ; 292.008 ; 3.47629 ; preSmoothTimer ; 1758.16 ; 20.9305 ; upResidualTimer ; 644.064 ; 7.66743 ; postSmoothTimer ; 1727.89 ; 20.5701 ; commTimer ; 1410.07 ; 1.48429 ; timeToSolveWatch ; 5378.42 ; 5378.42 ;
correctionTimer ; 247.093 ; 2.94159 ; setSolutionTimer ; 8.98974 ; 0.107021 ; cycleWatch ; 5259.9 ; 375.707 ; setupWatch ; 44.2347 ; 44.2347 ; restrictionTimer ; 291.958 ; 3.4757 ; preSmoothTimer ; 1763.05 ; 20.9887 ; upResidualTimer ; 638.844 ; 7.60529 ; postSmoothTimer ; 1733.74 ; 20.6397 ; commTimer ; 1407.7 ; 1.48179 ; timeToSolveWatch ; 5378.42 ; 5378.42 ;
correctionTimer ; 247.478 ; 2.94616 ; setSolutionTimer ; 8.42059 ; 0.100245 ; cycleWatch ; 5261.69 ; 375.835 ; setupWatch ; 44.258 ; 44.258 ; restrictionTimer ; 290.54 ; 3.4588 ; preSmoothTimer ; 1741.87 ; 20.7365 ; upResidualTimer ; 661.787 ; 7.87842 ; postSmoothTimer ; 1712.91 ; 20.3918 ; commTimer ; 1506.42 ; 1.58571 ; timeToSolveWatch ; 5378.42 ; 5378.42 ;
correctionTimer ; 241.225 ; 2.87173 ; setSolutionTimer ; 8.36496 ; 0.0995828 ; cycleWatch ; 5253.53 ; 375.252 ; setupWatch ; 44.2579 ; 44.2579 ; restrictionTimer ; 288.44 ; 3.43381 ; preSmoothTimer ; 1723.17 ; 20.5139 ; upResidualTimer ; 682.501 ; 8.12501 ; postSmoothTimer ; 1690.41 ; 20.1239 ; commTimer ; 1494.23 ; 1.57288 ; timeToSolveWatch ; 5378.42 ; 5378.42 ;
correctionTimer ; 240.19 ; 2.8594 ; setSolutionTimer ; 8.71406 ; 0.103739 ; cycleWatch ; 5234.32 ; 373.88 ; setupWatch ; 44.224 ; 44.224 ; restrictionTimer ; 291.453 ; 3.46968 ; preSmoothTimer ; 1760.28 ; 20.9557 ; upResidualTimer ; 641.853 ; 7.64111 ; postSmoothTimer ; 1696.83 ; 20.2003 ; commTimer ; 1467.09 ; 1.54431 ; timeToSolveWatch ; 5378.42 ; 5378.42 ;
correctionTimer ; 247.316 ; 2.94424 ; setSolutionTimer ; 8.81771 ; 0.104973 ; cycleWatch ; 5260.83 ; 375.774 ; setupWatch ; 44.1753 ; 44.1753 ; restrictionTimer ; 296.343 ; 3.5279 ; preSmoothTimer ; 1752.55 ; 20.8637 ; upResidualTimer ; 644.921 ; 7.67763 ; postSmoothTimer ; 1717.97 ; 20.452 ; commTimer ; 1504.31 ; 1.58349 ; timeToSolveWatch ; 5378.42 ; 5378.42 ;
correctionTimer ; 247.443 ; 2.94575 ; setSolutionTimer ; 8.78794 ; 0.104618 ; cycleWatch ; 5268.63 ; 376.331 ; setupWatch ; 44.2314 ; 44.2314 ; restrictionTimer ; 294.675 ; 3.50804 ; preSmoothTimer ; 1755.98 ; 20.9045 ; upResidualTimer ; 643.467 ; 7.66032 ; postSmoothTimer ; 1730.86 ; 20.6054 ; commTimer ; 1397.07 ; 1.4706 ; timeToSolveWatch ; 5378.42 ; 5378.42 ;
correctionTimer ; 247.191 ; 2.94275 ; setSolutionTimer ; 8.7819 ; 0.104546 ; cycleWatch ; 5266.89 ; 376.206 ; setupWatch ; 44.2075 ; 44.2075 ; restrictionTimer ; 292.958 ; 3.48759 ; preSmoothTimer ; 1754.48 ; 20.8867 ; upResidualTimer ; 646.722 ; 7.69908 ; postSmoothTimer ; 1729.8 ; 20.5928 ; commTimer ; 1404.8 ; 1.47873 ; timeToSolveWatch ; 5378.42 ; 5378.42 ;
correctionTimer ; 247.286 ; 2.94388 ; setSolutionTimer ; 8.57945 ; 0.102136 ; cycleWatch ; 5266.83 ; 376.202 ; setupWatch ; 43.9117 ; 43.9117 ; restrictionTimer ; 292.743 ; 3.48504 ; preSmoothTimer ; 1755.98 ; 20.9046 ; upResidualTimer ; 645.649 ; 7.68629 ; postSmoothTimer ; 1726.44 ; 20.5529 ; commTimer ; 1401.47 ; 1.47524 ; timeToSolveWatch ; 5378.42 ; 5378.42 ;
correctionTimer ; 247.15 ; 2.94226 ; setSolutionTimer ; 8.99027 ; 0.107027 ; cycleWatch ; 5261.52 ; 375.823 ; setupWatch ; 44.2084 ; 44.2084 ; restrictionTimer ; 291.953 ; 3.47564 ; preSmoothTimer ; 1759.54 ; 20.9469 ; upResidualTimer ; 642.441 ; 7.64811 ; postSmoothTimer ; 1729.29 ; 20.5868 ; commTimer ; 1401.37 ; 1.47513 ; timeToSolveWatch ; 5378.42 ; 5378.42 ;
correctionTimer ; 247.423 ; 2.94552 ; setSolutionTimer ; 8.39698 ; 0.0999641 ; cycleWatch ; 5261.64 ; 375.831 ; setupWatch ; 44.2622 ; 44.2622 ; restrictionTimer ; 290.826 ; 3.46221 ; preSmoothTimer ; 1741.02 ; 20.7265 ; upResidualTimer ; 662.538 ; 7.88735 ; postSmoothTimer ; 1711.42 ; 20.3741 ; commTimer ; 1496.62 ; 1.57539 ; timeToSolveWatch ; 5378.42 ; 5378.42 ;
correctionTimer ; 241.177 ; 2.87115 ; setSolutionTimer ; 8.42427 ; 0.100289 ; cycleWatch ; 5252.29 ; 375.163 ; setupWatch ; 44.225 ; 44.225 ; restrictionTimer ; 289.753 ; 3.44944 ; preSmoothTimer ; 1722.47 ; 20.5056 ; upResidualTimer ; 681.932 ; 8.11824 ; postSmoothTimer ; 1691.98 ; 20.1426 ; commTimer ; 1485.2 ; 1.56337 ; timeToSolveWatch ; 5378.42 ; 5378.42 ;
correctionTimer ; 237.806 ; 2.83102 ; setSolutionTimer ; 8.5427 ; 0.101699 ; cycleWatch ; 5226.3 ; 373.307 ; setupWatch ; 44.2391 ; 44.2391 ; restrictionTimer ; 294.442 ; 3.50527 ; preSmoothTimer ; 1759.13 ; 20.942 ; upResidualTimer ; 639.886 ; 7.61769 ; postSmoothTimer ; 1690.38 ; 20.1235 ; commTimer ; 1482.67 ; 1.56071 ; timeToSolveWatch ; 5378.42 ; 5378.42 ;
correctionTimer ; 245.125 ; 2.91815 ; setSolutionTimer ; 8.53002 ; 0.101548 ; cycleWatch ; 5251.75 ; 375.125 ; setupWatch ; 44.2091 ; 44.2091 ; restrictionTimer ; 298.036 ; 3.54805 ; preSmoothTimer ; 1750.64 ; 20.8409 ; upResidualTimer ; 645.092 ; 7.67966 ; postSmoothTimer ; 1709.77 ; 20.3544 ; commTimer ; 1514.12 ; 1.59381 ; timeToSolveWatch ; 5378.42 ; 5378.42 ;
correctionTimer ; 244.903 ; 2.91551 ; setSolutionTimer ; 8.63294 ; 0.102773 ; cycleWatch ; 5259.59 ; 375.685 ; setupWatch ; 44.224 ; 44.224 ; restrictionTimer ; 292.086 ; 3.47721 ; preSmoothTimer ; 1753.54 ; 20.8755 ; upResidualTimer ; 648.365 ; 7.71863 ; postSmoothTimer ; 1724.69 ; 20.5321 ; commTimer ; 1417.9 ; 1.49253 ; timeToSolveWatch ; 5378.42 ; 5378.42 ;
correctionTimer ; 244.858 ; 2.91497 ; setSolutionTimer ; 8.61064 ; 0.102508 ; cycleWatch ; 5256.89 ; 375.492 ; setupWatch ; 44.224 ; 44.224 ; restrictionTimer ; 293.69 ; 3.49631 ; preSmoothTimer ; 1750.28 ; 20.8367 ; upResidualTimer ; 650.037 ; 7.73853 ; postSmoothTimer ; 1723.28 ; 20.5152 ; commTimer ; 1423.99 ; 1.49893 ; timeToSolveWatch ; 5378.42 ; 5378.42 ;
correctionTimer ; 244.993 ; 2.91658 ; setSolutionTimer ; 8.51546 ; 0.101375 ; cycleWatch ; 5256.04 ; 375.432 ; setupWatch ; 44.2091 ; 44.2091 ; restrictionTimer ; 293.051 ; 3.4887 ; preSmoothTimer ; 1752.45 ; 20.8625 ; upResidualTimer ; 648.63 ; 7.72178 ; postSmoothTimer ; 1717.76 ; 20.4495 ; commTimer ; 1422.82 ; 1.49771 ; timeToSolveWatch ; 5378.42 ; 5378.42 ;
correctionTimer ; 244.748 ; 2.91367 ; setSolutionTimer ; 8.80185 ; 0.104784 ; cycleWatch ; 5251.73 ; 375.124 ; setupWatch ; 44.1741 ; 44.1741 ; restrictionTimer ; 293.549 ; 3.49464 ; preSmoothTimer ; 1755.33 ; 20.8967 ; upResidualTimer ; 644.936 ; 7.67781 ; postSmoothTimer ; 1718.68 ; 20.4605 ; commTimer ; 1425.45 ; 1.50047 ; timeToSolveWatch ; 5378.42 ; 5378.42 ;
correctionTimer ; 245.213 ; 2.91921 ; setSolutionTimer ; 8.362 ; 0.0995477 ; cycleWatch ; 5252.5 ; 375.179 ; setupWatch ; 44.2555 ; 44.2555 ; restrictionTimer ; 291.413 ; 3.46921 ; preSmoothTimer ; 1738.55 ; 20.6971 ; upResidualTimer ; 664.149 ; 7.90654 ; postSmoothTimer ; 1704.2 ; 20.2881 ; commTimer ; 1506.03 ; 1.5853 ; timeToSolveWatch ; 5378.42 ; 5378.42 ;
correctionTimer ; 238.879 ; 2.8438 ; setSolutionTimer ; 8.29221 ; 0.0987168 ; cycleWatch ; 5243.73 ; 374.552 ; setupWatch ; 44.2296 ; 44.2296 ; restrictionTimer ; 289.743 ; 3.44932 ; preSmoothTimer ; 1722.7 ; 20.5084 ; upResidualTimer ; 681.531 ; 8.11347 ; postSmoothTimer ; 1688.25 ; 20.0983 ; commTimer ; 1499.81 ; 1.57874 ; timeToSolveWatch ; 5378.42 ; 5378.42 ;
